source_id,source_path,source_sha,line,mac_command_id,classification,milestone,status,evidence
CompressIntoArchive,src/Files.App/Actions/Content/Archives/Compress/CompressIntoArchiveAction.cs,99951c66928c4da714da8b1dd46039421182cbab,10,,V,planned,awaiting-behavior-review,https://github.com/files-community/Files/blob/99951c66928c4da714da8b1dd46039421182cbab/src/Files.App/Actions/Content/Archives/Compress/CompressIntoArchiveAction.cs#L10
CompressIntoSevenZip,src/Files.App/Actions/Content/Archives/Compress/CompressIntoSevenZipAction.cs,99951c66928c4da714da8b1dd46039421182cbab,6,,V,planned,awaiting-behavior-review,https://github.com/files-community/Files/blob/99951c66928c4da714da8b1dd46039421182cbab/src/Files.App/Actions/Content/Archives/Compress/CompressIntoSevenZipAction.cs#L6
CompressIntoZip,src/Files.App/Actions/Content/Archives/Compress/CompressIntoZipAction.cs,99951c66928c4da714da8b1dd46039421182cbab,6,,V,planned,awaiting-behavior-review,https://github.com/files-community/Files/blob/99951c66928c4da714da8b1dd46039421182cbab/src/Files.App/Actions/Content/Archives/Compress/CompressIntoZipAction.cs#L6
DecompressArchive,src/Files.App/Actions/Content/Archives/Decompress/DecompressArchive.cs,99951c66928c4da714da8b1dd46039421182cbab,14,,V,planned,awaiting-behavior-review,https://github.com/files-community/Files/blob/99951c66928c4da714da8b1dd46039421182cbab/src/Files.App/Actions/Content/Archives/Decompress/DecompressArchive.cs#L14
DecompressArchiveHere,src/Files.App/Actions/Content/Archives/Decompress/DecompressArchiveHere.cs,99951c66928c4da714da8b1dd46039421182cbab,6,,V,planned,awaiting-behavior-review,https://github.com/files-community/Files/blob/99951c66928c4da714da8b1dd46039421182cbab/src/Files.App/Actions/Content/Archives/Decompress/DecompressArchiveHere.cs#L6
DecompressArchiveHereSmart,src/Files.App/Actions/Content/Archives/Decompress/DecompressArchiveHereSmart.cs,99951c66928c4da714da8b1dd46039421182cbab,6,,V,planned,awaiting-behavior-review,https://github.com/files-community/Files/blob/99951c66928c4da714da8b1dd46039421182cbab/src/Files.App/Actions/Content/Archives/Decompress/DecompressArchiveHereSmart.cs#L6
DecompressArchiveToChildFolder,src/Files.App/Actions/Content/Archives/Decompress/DecompressArchiveToChildFolderAction.cs,99951c66928c4da714da8b1dd46039421182cbab,12,,V,planned,awaiting-behavior-review,https://github.com/files-community/Files/blob/99951c66928c4da714da8b1dd46039421182cbab/src/Files.App/Actions/Content/Archives/Decompress/DecompressArchiveToChildFolderAction.cs#L12
SetAsAppBackground,src/Files.App/Actions/Content/Background/SetAsAppBackgroundAction.cs,99951c66928c4da714da8b1dd46039421182cbab,6,,V,planned,awaiting-behavior-review,https://github.com/files-community/Files/blob/99951c66928c4da714da8b1dd46039421182cbab/src/Files.App/Actions/Content/Background/SetAsAppBackgroundAction.cs#L6
SetAsLockscreenBackground,src/Files.App/Actions/Content/Background/SetAsLockscreenBackgroundAction.cs,99951c66928c4da714da8b1dd46039421182cbab,6,,V,planned,awaiting-behavior-review,https://github.com/files-community/Files/blob/99951c66928c4da714da8b1dd46039421182cbab/src/Files.App/Actions/Content/Background/SetAsLockscreenBackgroundAction.cs#L6
SetAsSlideshowBackground,src/Files.App/Actions/Content/Background/SetAsSlideshowBackgroundAction.cs,99951c66928c4da714da8b1dd46039421182cbab,6,,V,planned,awaiting-behavior-review,https://github.com/files-community/Files/blob/99951c66928c4da714da8b1dd46039421182cbab/src/Files.App/Actions/Content/Background/SetAsSlideshowBackgroundAction.cs#L6
SetAsWallpaperBackground,src/Files.App/Actions/Content/Background/SetAsWallpaperBackgroundAction.cs,99951c66928c4da714da8b1dd46039421182cbab,6,,V,planned,awaiting-behavior-review,https://github.com/files-community/Files/blob/99951c66928c4da714da8b1dd46039421182cbab/src/Files.App/Actions/Content/Background/SetAsWallpaperBackgroundAction.cs#L6
RotateLeft,src/Files.App/Actions/Content/ImageManipulation/RotateLeftAction.cs,99951c66928c4da714da8b1dd46039421182cbab,8,,V,planned,awaiting-behavior-review,https://github.com/files-community/Files/blob/99951c66928c4da714da8b1dd46039421182cbab/src/Files.App/Actions/Content/ImageManipulation/RotateLeftAction.cs#L8
RotateRight,src/Files.App/Actions/Content/ImageManipulation/RotateRightAction.cs,99951c66928c4da714da8b1dd46039421182cbab,8,,V,planned,awaiting-behavior-review,https://github.com/files-community/Files/blob/99951c66928c4da714da8b1dd46039421182cbab/src/Files.App/Actions/Content/ImageManipulation/RotateRightAction.cs#L8
InstallCertificate,src/Files.App/Actions/Content/Install/InstallCertificateAction.cs,99951c66928c4da714da8b1dd46039421182cbab,8,,V,planned,awaiting-behavior-review,https://github.com/files-community/Files/blob/99951c66928c4da714da8b1dd46039421182cbab/src/Files.App/Actions/Content/Install/InstallCertificateAction.cs#L8
InstallFont,src/Files.App/Actions/Content/Install/InstallFontAction.cs,99951c66928c4da714da8b1dd46039421182cbab,8,,V,planned,awaiting-behavior-review,https://github.com/files-community/Files/blob/99951c66928c4da714da8b1dd46039421182cbab/src/Files.App/Actions/Content/Install/InstallFontAction.cs#L8
InstallInfDriver,src/Files.App/Actions/Content/Install/InstallInfDriverAction.cs,99951c66928c4da714da8b1dd46039421182cbab,8,,V,planned,awaiting-behavior-review,https://github.com/files-community/Files/blob/99951c66928c4da714da8b1dd46039421182cbab/src/Files.App/Actions/Content/Install/InstallInfDriverAction.cs#L8
PlayAll,src/Files.App/Actions/Content/PlayAllAction.cs,99951c66928c4da714da8b1dd46039421182cbab,8,,V,planned,awaiting-behavior-review,https://github.com/files-community/Files/blob/99951c66928c4da714da8b1dd46039421182cbab/src/Files.App/Actions/Content/PlayAllAction.cs#L8
LaunchPreviewPopup,src/Files.App/Actions/Content/PreviewPopup/LaunchPreviewPopupAction.cs,99951c66928c4da714da8b1dd46039421182cbab,6,,V,planned,awaiting-behavior-review,https://github.com/files-community/Files/blob/99951c66928c4da714da8b1dd46039421182cbab/src/Files.App/Actions/Content/PreviewPopup/LaunchPreviewPopupAction.cs#L6
RefreshItems,src/Files.App/Actions/Content/RefreshItemsAction.cs,99951c66928c4da714da8b1dd46039421182cbab,6,,V,planned,awaiting-behavior-review,https://github.com/files-community/Files/blob/99951c66928c4da714da8b1dd46039421182cbab/src/Files.App/Actions/Content/RefreshItemsAction.cs#L6
RunAsAdmin,src/Files.App/Actions/Content/Run/RunAsAdminAction.cs,99951c66928c4da714da8b1dd46039421182cbab,8,,V,planned,awaiting-behavior-review,https://github.com/files-community/Files/blob/99951c66928c4da714da8b1dd46039421182cbab/src/Files.App/Actions/Content/Run/RunAsAdminAction.cs#L8
RunAsAnotherUser,src/Files.App/Actions/Content/Run/RunAsAnotherUserAction.cs,99951c66928c4da714da8b1dd46039421182cbab,8,,V,planned,awaiting-behavior-review,https://github.com/files-community/Files/blob/99951c66928c4da714da8b1dd46039421182cbab/src/Files.App/Actions/Content/Run/RunAsAnotherUserAction.cs#L8
RunWithPowershell,src/Files.App/Actions/Content/Run/RunWithPowershellAction.cs,99951c66928c4da714da8b1dd46039421182cbab,8,,V,planned,awaiting-behavior-review,https://github.com/files-community/Files/blob/99951c66928c4da714da8b1dd46039421182cbab/src/Files.App/Actions/Content/Run/RunWithPowershellAction.cs#L8
ClearSelection,src/Files.App/Actions/Content/Selection/ClearSelectionAction.cs,99951c66928c4da714da8b1dd46039421182cbab,6,,V,planned,awaiting-behavior-review,https://github.com/files-community/Files/blob/99951c66928c4da714da8b1dd46039421182cbab/src/Files.App/Actions/Content/Selection/ClearSelectionAction.cs#L6
InvertSelection,src/Files.App/Actions/Content/Selection/InvertSelectionAction.cs,99951c66928c4da714da8b1dd46039421182cbab,6,,V,planned,awaiting-behavior-review,https://github.com/files-community/Files/blob/99951c66928c4da714da8b1dd46039421182cbab/src/Files.App/Actions/Content/Selection/InvertSelectionAction.cs#L6
SelectAll,src/Files.App/Actions/Content/Selection/SelectAllAction.cs,99951c66928c4da714da8b1dd46039421182cbab,6,,V,planned,awaiting-behavior-review,https://github.com/files-community/Files/blob/99951c66928c4da714da8b1dd46039421182cbab/src/Files.App/Actions/Content/Selection/SelectAllAction.cs#L6
ToggleSelect,src/Files.App/Actions/Content/Selection/ToggleSelectAction.cs,99951c66928c4da714da8b1dd46039421182cbab,10,,V,planned,awaiting-behavior-review,https://github.com/files-community/Files/blob/99951c66928c4da714da8b1dd46039421182cbab/src/Files.App/Actions/Content/Selection/ToggleSelectAction.cs#L10
ShareItem,src/Files.App/Actions/Content/Share/ShareItemAction.cs,99951c66928c4da714da8b1dd46039421182cbab,8,,V,planned,awaiting-behavior-review,https://github.com/files-community/Files/blob/99951c66928c4da714da8b1dd46039421182cbab/src/Files.App/Actions/Content/Share/ShareItemAction.cs#L8
OpenAllTagged,src/Files.App/Actions/Content/Tags/OpenAllTaggedActions.cs,99951c66928c4da714da8b1dd46039421182cbab,6,,V,planned,awaiting-behavior-review,https://github.com/files-community/Files/blob/99951c66928c4da714da8b1dd46039421182cbab/src/Files.App/Actions/Content/Tags/OpenAllTaggedActions.cs#L6
RemoveTags,src/Files.App/Actions/Content/Tags/RemoveTagsAction.cs,99951c66928c4da714da8b1dd46039421182cbab,6,,V,planned,awaiting-behavior-review,https://github.com/files-community/Files/blob/99951c66928c4da714da8b1dd46039421182cbab/src/Files.App/Actions/Content/Tags/RemoveTagsAction.cs#L6
AutoFitColumns,src/Files.App/Actions/Display/AutoFitColumnsAction.cs,99951c66928c4da714da8b1dd46039421182cbab,8,,V,planned,awaiting-behavior-review,https://github.com/files-community/Files/blob/99951c66928c4da714da8b1dd46039421182cbab/src/Files.App/Actions/Display/AutoFitColumnsAction.cs#L8
GroupByNone,src/Files.App/Actions/Display/GroupAction.cs,99951c66928c4da714da8b1dd46039421182cbab,6,,V,planned,awaiting-behavior-review,https://github.com/files-community/Files/blob/99951c66928c4da714da8b1dd46039421182cbab/src/Files.App/Actions/Display/GroupAction.cs#L6
GroupByName,src/Files.App/Actions/Display/GroupAction.cs,99951c66928c4da714da8b1dd46039421182cbab,22,,V,planned,awaiting-behavior-review,https://github.com/files-community/Files/blob/99951c66928c4da714da8b1dd46039421182cbab/src/Files.App/Actions/Display/GroupAction.cs#L22
GroupByDateModified,src/Files.App/Actions/Display/GroupAction.cs,99951c66928c4da714da8b1dd46039421182cbab,35,,V,planned,awaiting-behavior-review,https://github.com/files-community/Files/blob/99951c66928c4da714da8b1dd46039421182cbab/src/Files.App/Actions/Display/GroupAction.cs#L35
GroupByDateCreated,src/Files.App/Actions/Display/GroupAction.cs,99951c66928c4da714da8b1dd46039421182cbab,48,,V,planned,awaiting-behavior-review,https://github.com/files-community/Files/blob/99951c66928c4da714da8b1dd46039421182cbab/src/Files.App/Actions/Display/GroupAction.cs#L48
GroupBySize,src/Files.App/Actions/Display/GroupAction.cs,99951c66928c4da714da8b1dd46039421182cbab,61,,V,planned,awaiting-behavior-review,https://github.com/files-community/Files/blob/99951c66928c4da714da8b1dd46039421182cbab/src/Files.App/Actions/Display/GroupAction.cs#L61
GroupByType,src/Files.App/Actions/Display/GroupAction.cs,99951c66928c4da714da8b1dd46039421182cbab,74,,V,planned,awaiting-behavior-review,https://github.com/files-community/Files/blob/99951c66928c4da714da8b1dd46039421182cbab/src/Files.App/Actions/Display/GroupAction.cs#L74
GroupBySyncStatus,src/Files.App/Actions/Display/GroupAction.cs,99951c66928c4da714da8b1dd46039421182cbab,87,,V,planned,awaiting-behavior-review,https://github.com/files-community/Files/blob/99951c66928c4da714da8b1dd46039421182cbab/src/Files.App/Actions/Display/GroupAction.cs#L87
GroupByTag,src/Files.App/Actions/Display/GroupAction.cs,99951c66928c4da714da8b1dd46039421182cbab,103,,V,planned,awaiting-behavior-review,https://github.com/files-community/Files/blob/99951c66928c4da714da8b1dd46039421182cbab/src/Files.App/Actions/Display/GroupAction.cs#L103
GroupByOriginalFolder,src/Files.App/Actions/Display/GroupAction.cs,99951c66928c4da714da8b1dd46039421182cbab,116,,V,planned,awaiting-behavior-review,https://github.com/files-community/Files/blob/99951c66928c4da714da8b1dd46039421182cbab/src/Files.App/Actions/Display/GroupAction.cs#L116
GroupByDateDeleted,src/Files.App/Actions/Display/GroupAction.cs,99951c66928c4da714da8b1dd46039421182cbab,132,,V,planned,awaiting-behavior-review,https://github.com/files-community/Files/blob/99951c66928c4da714da8b1dd46039421182cbab/src/Files.App/Actions/Display/GroupAction.cs#L132
GroupByFolderPath,src/Files.App/Actions/Display/GroupAction.cs,99951c66928c4da714da8b1dd46039421182cbab,148,,V,planned,awaiting-behavior-review,https://github.com/files-community/Files/blob/99951c66928c4da714da8b1dd46039421182cbab/src/Files.App/Actions/Display/GroupAction.cs#L148
GroupByDateModifiedYear,src/Files.App/Actions/Display/GroupAction.cs,99951c66928c4da714da8b1dd46039421182cbab,226,,V,planned,awaiting-behavior-review,https://github.com/files-community/Files/blob/99951c66928c4da714da8b1dd46039421182cbab/src/Files.App/Actions/Display/GroupAction.cs#L226
GroupByDateModifiedMonth,src/Files.App/Actions/Display/GroupAction.cs,99951c66928c4da714da8b1dd46039421182cbab,242,,V,planned,awaiting-behavior-review,https://github.com/files-community/Files/blob/99951c66928c4da714da8b1dd46039421182cbab/src/Files.App/Actions/Display/GroupAction.cs#L242
GroupByDateModifiedDay,src/Files.App/Actions/Display/GroupAction.cs,99951c66928c4da714da8b1dd46039421182cbab,258,,V,planned,awaiting-behavior-review,https://github.com/files-community/Files/blob/99951c66928c4da714da8b1dd46039421182cbab/src/Files.App/Actions/Display/GroupAction.cs#L258
GroupByDateCreatedYear,src/Files.App/Actions/Display/GroupAction.cs,99951c66928c4da714da8b1dd46039421182cbab,274,,V,planned,awaiting-behavior-review,https://github.com/files-community/Files/blob/99951c66928c4da714da8b1dd46039421182cbab/src/Files.App/Actions/Display/GroupAction.cs#L274
GroupByDateCreatedMonth,src/Files.App/Actions/Display/GroupAction.cs,99951c66928c4da714da8b1dd46039421182cbab,290,,V,planned,awaiting-behavior-review,https://github.com/files-community/Files/blob/99951c66928c4da714da8b1dd46039421182cbab/src/Files.App/Actions/Display/GroupAction.cs#L290
GroupByDateCreatedDay,src/Files.App/Actions/Display/GroupAction.cs,99951c66928c4da714da8b1dd46039421182cbab,306,,V,planned,awaiting-behavior-review,https://github.com/files-community/Files/blob/99951c66928c4da714da8b1dd46039421182cbab/src/Files.App/Actions/Display/GroupAction.cs#L306
GroupByDateDeletedYear,src/Files.App/Actions/Display/GroupAction.cs,99951c66928c4da714da8b1dd46039421182cbab,322,,V,planned,awaiting-behavior-review,https://github.com/files-community/Files/blob/99951c66928c4da714da8b1dd46039421182cbab/src/Files.App/Actions/Display/GroupAction.cs#L322
GroupByDateDeletedMonth,src/Files.App/Actions/Display/GroupAction.cs,99951c66928c4da714da8b1dd46039421182cbab,341,,V,planned,awaiting-behavior-review,https://github.com/files-community/Files/blob/99951c66928c4da714da8b1dd46039421182cbab/src/Files.App/Actions/Display/GroupAction.cs#L341
GroupByDateDeletedDay,src/Files.App/Actions/Display/GroupAction.cs,99951c66928c4da714da8b1dd46039421182cbab,360,,V,planned,awaiting-behavior-review,https://github.com/files-community/Files/blob/99951c66928c4da714da8b1dd46039421182cbab/src/Files.App/Actions/Display/GroupAction.cs#L360
GroupAscending,src/Files.App/Actions/Display/GroupAction.cs,99951c66928c4da714da8b1dd46039421182cbab,442,,V,planned,awaiting-behavior-review,https://github.com/files-community/Files/blob/99951c66928c4da714da8b1dd46039421182cbab/src/Files.App/Actions/Display/GroupAction.cs#L442
GroupDescending,src/Files.App/Actions/Display/GroupAction.cs,99951c66928c4da714da8b1dd46039421182cbab,491,,V,planned,awaiting-behavior-review,https://github.com/files-community/Files/blob/99951c66928c4da714da8b1dd46039421182cbab/src/Files.App/Actions/Display/GroupAction.cs#L491
ToggleGroupDirection,src/Files.App/Actions/Display/GroupAction.cs,99951c66928c4da714da8b1dd46039421182cbab,540,,V,planned,awaiting-behavior-review,https://github.com/files-community/Files/blob/99951c66928c4da714da8b1dd46039421182cbab/src/Files.App/Actions/Display/GroupAction.cs#L540
GroupByYear,src/Files.App/Actions/Display/GroupAction.cs,99951c66928c4da714da8b1dd46039421182cbab,568,,V,planned,awaiting-behavior-review,https://github.com/files-community/Files/blob/99951c66928c4da714da8b1dd46039421182cbab/src/Files.App/Actions/Display/GroupAction.cs#L568
GroupByMonth,src/Files.App/Actions/Display/GroupAction.cs,99951c66928c4da714da8b1dd46039421182cbab,617,,V,planned,awaiting-behavior-review,https://github.com/files-community/Files/blob/99951c66928c4da714da8b1dd46039421182cbab/src/Files.App/Actions/Display/GroupAction.cs#L617
ToggleGroupByDateUnit,src/Files.App/Actions/Display/GroupAction.cs,99951c66928c4da714da8b1dd46039421182cbab,666,,V,planned,awaiting-behavior-review,https://github.com/files-community/Files/blob/99951c66928c4da714da8b1dd46039421182cbab/src/Files.App/Actions/Display/GroupAction.cs#L666
LayoutDetails,src/Files.App/Actions/Display/LayoutAction.cs,99951c66928c4da714da8b1dd46039421182cbab,6,,V,planned,awaiting-behavior-review,https://github.com/files-community/Files/blob/99951c66928c4da714da8b1dd46039421182cbab/src/Files.App/Actions/Display/LayoutAction.cs#L6
LayoutList,src/Files.App/Actions/Display/LayoutAction.cs,99951c66928c4da714da8b1dd46039421182cbab,25,,V,planned,awaiting-behavior-review,https://github.com/files-community/Files/blob/99951c66928c4da714da8b1dd46039421182cbab/src/Files.App/Actions/Display/LayoutAction.cs#L25
LayoutCards,src/Files.App/Actions/Display/LayoutAction.cs,99951c66928c4da714da8b1dd46039421182cbab,44,,V,planned,awaiting-behavior-review,https://github.com/files-community/Files/blob/99951c66928c4da714da8b1dd46039421182cbab/src/Files.App/Actions/Display/LayoutAction.cs#L44
LayoutGrid,src/Files.App/Actions/Display/LayoutAction.cs,99951c66928c4da714da8b1dd46039421182cbab,63,,V,planned,awaiting-behavior-review,https://github.com/files-community/Files/blob/99951c66928c4da714da8b1dd46039421182cbab/src/Files.App/Actions/Display/LayoutAction.cs#L63
LayoutColumns,src/Files.App/Actions/Display/LayoutAction.cs,99951c66928c4da714da8b1dd46039421182cbab,82,,V,planned,awaiting-behavior-review,https://github.com/files-community/Files/blob/99951c66928c4da714da8b1dd46039421182cbab/src/Files.App/Actions/Display/LayoutAction.cs#L82
LayoutAdaptive,src/Files.App/Actions/Display/LayoutAction.cs,99951c66928c4da714da8b1dd46039421182cbab,121,,V,planned,awaiting-behavior-review,https://github.com/files-community/Files/blob/99951c66928c4da714da8b1dd46039421182cbab/src/Files.App/Actions/Display/LayoutAction.cs#L121
LayoutDecreaseSize,src/Files.App/Actions/Display/LayoutAction.cs,99951c66928c4da714da8b1dd46039421182cbab,212,,V,planned,awaiting-behavior-review,https://github.com/files-community/Files/blob/99951c66928c4da714da8b1dd46039421182cbab/src/Files.App/Actions/Display/LayoutAction.cs#L212
LayoutIncreaseSize,src/Files.App/Actions/Display/LayoutAction.cs,99951c66928c4da714da8b1dd46039421182cbab,279,,V,planned,awaiting-behavior-review,https://github.com/files-community/Files/blob/99951c66928c4da714da8b1dd46039421182cbab/src/Files.App/Actions/Display/LayoutAction.cs#L279
SortByName,src/Files.App/Actions/Display/SortAction.cs,99951c66928c4da714da8b1dd46039421182cbab,6,,V,planned,awaiting-behavior-review,https://github.com/files-community/Files/blob/99951c66928c4da714da8b1dd46039421182cbab/src/Files.App/Actions/Display/SortAction.cs#L6
SortByDateModified,src/Files.App/Actions/Display/SortAction.cs,99951c66928c4da714da8b1dd46039421182cbab,19,,V,planned,awaiting-behavior-review,https://github.com/files-community/Files/blob/99951c66928c4da714da8b1dd46039421182cbab/src/Files.App/Actions/Display/SortAction.cs#L19
SortByDateCreated,src/Files.App/Actions/Display/SortAction.cs,99951c66928c4da714da8b1dd46039421182cbab,32,,V,planned,awaiting-behavior-review,https://github.com/files-community/Files/blob/99951c66928c4da714da8b1dd46039421182cbab/src/Files.App/Actions/Display/SortAction.cs#L32
SortBySize,src/Files.App/Actions/Display/SortAction.cs,99951c66928c4da714da8b1dd46039421182cbab,45,,V,planned,awaiting-behavior-review,https://github.com/files-community/Files/blob/99951c66928c4da714da8b1dd46039421182cbab/src/Files.App/Actions/Display/SortAction.cs#L45
SortByType,src/Files.App/Actions/Display/SortAction.cs,99951c66928c4da714da8b1dd46039421182cbab,58,,V,planned,awaiting-behavior-review,https://github.com/files-community/Files/blob/99951c66928c4da714da8b1dd46039421182cbab/src/Files.App/Actions/Display/SortAction.cs#L58
SortBySyncStatus,src/Files.App/Actions/Display/SortAction.cs,99951c66928c4da714da8b1dd46039421182cbab,71,,V,planned,awaiting-behavior-review,https://github.com/files-community/Files/blob/99951c66928c4da714da8b1dd46039421182cbab/src/Files.App/Actions/Display/SortAction.cs#L71
SortByTag,src/Files.App/Actions/Display/SortAction.cs,99951c66928c4da714da8b1dd46039421182cbab,87,,V,planned,awaiting-behavior-review,https://github.com/files-community/Files/blob/99951c66928c4da714da8b1dd46039421182cbab/src/Files.App/Actions/Display/SortAction.cs#L87
SortByPath,src/Files.App/Actions/Display/SortAction.cs,99951c66928c4da714da8b1dd46039421182cbab,100,,V,planned,awaiting-behavior-review,https://github.com/files-community/Files/blob/99951c66928c4da714da8b1dd46039421182cbab/src/Files.App/Actions/Display/SortAction.cs#L100
SortByOriginalFolder,src/Files.App/Actions/Display/SortAction.cs,99951c66928c4da714da8b1dd46039421182cbab,119,,V,planned,awaiting-behavior-review,https://github.com/files-community/Files/blob/99951c66928c4da714da8b1dd46039421182cbab/src/Files.App/Actions/Display/SortAction.cs#L119
SortByDateDeleted,src/Files.App/Actions/Display/SortAction.cs,99951c66928c4da714da8b1dd46039421182cbab,135,,V,planned,awaiting-behavior-review,https://github.com/files-community/Files/blob/99951c66928c4da714da8b1dd46039421182cbab/src/Files.App/Actions/Display/SortAction.cs#L135
SortAscending,src/Files.App/Actions/Display/SortAction.cs,99951c66928c4da714da8b1dd46039421182cbab,207,,V,planned,awaiting-behavior-review,https://github.com/files-community/Files/blob/99951c66928c4da714da8b1dd46039421182cbab/src/Files.App/Actions/Display/SortAction.cs#L207
SortDescending,src/Files.App/Actions/Display/SortAction.cs,99951c66928c4da714da8b1dd46039421182cbab,246,,V,planned,awaiting-behavior-review,https://github.com/files-community/Files/blob/99951c66928c4da714da8b1dd46039421182cbab/src/Files.App/Actions/Display/SortAction.cs#L246
ToggleSortDirection,src/Files.App/Actions/Display/SortAction.cs,99951c66928c4da714da8b1dd46039421182cbab,285,,V,planned,awaiting-behavior-review,https://github.com/files-community/Files/blob/99951c66928c4da714da8b1dd46039421182cbab/src/Files.App/Actions/Display/SortAction.cs#L285
SortFilesAndFoldersTogether,src/Files.App/Actions/Display/SortFilesAndFoldersTogetherAction.cs,99951c66928c4da714da8b1dd46039421182cbab,6,,V,planned,awaiting-behavior-review,https://github.com/files-community/Files/blob/99951c66928c4da714da8b1dd46039421182cbab/src/Files.App/Actions/Display/SortFilesAndFoldersTogetherAction.cs#L6
SortFilesFirst,src/Files.App/Actions/Display/SortFilesFirstAction.cs,99951c66928c4da714da8b1dd46039421182cbab,6,,V,planned,awaiting-behavior-review,https://github.com/files-community/Files/blob/99951c66928c4da714da8b1dd46039421182cbab/src/Files.App/Actions/Display/SortFilesFirstAction.cs#L6
SortFoldersFirst,src/Files.App/Actions/Display/SortFoldersFirstAction.cs,99951c66928c4da714da8b1dd46039421182cbab,6,,V,planned,awaiting-behavior-review,https://github.com/files-community/Files/blob/99951c66928c4da714da8b1dd46039421182cbab/src/Files.App/Actions/Display/SortFoldersFirstAction.cs#L6
AddItem,src/Files.App/Actions/FileSystem/AddItemAction.cs,99951c66928c4da714da8b1dd46039421182cbab,6,,V,planned,awaiting-behavior-review,https://github.com/files-community/Files/blob/99951c66928c4da714da8b1dd46039421182cbab/src/Files.App/Actions/FileSystem/AddItemAction.cs#L6
CopyItemFromHome,src/Files.App/Actions/FileSystem/CopyItemFromHomeAction.cs,99951c66928c4da714da8b1dd46039421182cbab,10,,V,planned,awaiting-behavior-review,https://github.com/files-community/Files/blob/99951c66928c4da714da8b1dd46039421182cbab/src/Files.App/Actions/FileSystem/CopyItemFromHomeAction.cs#L10
CopyItemPath,src/Files.App/Actions/FileSystem/CopyItemPathAction.cs,99951c66928c4da714da8b1dd46039421182cbab,8,,V,planned,awaiting-behavior-review,https://github.com/files-community/Files/blob/99951c66928c4da714da8b1dd46039421182cbab/src/Files.App/Actions/FileSystem/CopyItemPathAction.cs#L8
CopyItemPathWithQuotes,src/Files.App/Actions/FileSystem/CopyItemPathWithQuotesAction.cs,99951c66928c4da714da8b1dd46039421182cbab,8,,V,planned,awaiting-behavior-review,https://github.com/files-community/Files/blob/99951c66928c4da714da8b1dd46039421182cbab/src/Files.App/Actions/FileSystem/CopyItemPathWithQuotesAction.cs#L8
CopyPath,src/Files.App/Actions/FileSystem/CopyPathAction.cs,99951c66928c4da714da8b1dd46039421182cbab,8,,V,planned,awaiting-behavior-review,https://github.com/files-community/Files/blob/99951c66928c4da714da8b1dd46039421182cbab/src/Files.App/Actions/FileSystem/CopyPathAction.cs#L8
CopyPathWithQuotes,src/Files.App/Actions/FileSystem/CopyPathWithQuotesAction.cs,99951c66928c4da714da8b1dd46039421182cbab,8,,V,planned,awaiting-behavior-review,https://github.com/files-community/Files/blob/99951c66928c4da714da8b1dd46039421182cbab/src/Files.App/Actions/FileSystem/CopyPathWithQuotesAction.cs#L8
CreateAlternateDataStream,src/Files.App/Actions/FileSystem/CreateAlternateDataStreamAction.cs,99951c66928c4da714da8b1dd46039421182cbab,9,,V,planned,awaiting-behavior-review,https://github.com/files-community/Files/blob/99951c66928c4da714da8b1dd46039421182cbab/src/Files.App/Actions/FileSystem/CreateAlternateDataStreamAction.cs#L9
CreateFile,src/Files.App/Actions/FileSystem/CreateFileAction.cs,99951c66928c4da714da8b1dd46039421182cbab,6,,V,planned,awaiting-behavior-review,https://github.com/files-community/Files/blob/99951c66928c4da714da8b1dd46039421182cbab/src/Files.App/Actions/FileSystem/CreateFileAction.cs#L6
CreateFolder,src/Files.App/Actions/FileSystem/CreateFolderAction.cs,99951c66928c4da714da8b1dd46039421182cbab,6,,V,planned,awaiting-behavior-review,https://github.com/files-community/Files/blob/99951c66928c4da714da8b1dd46039421182cbab/src/Files.App/Actions/FileSystem/CreateFolderAction.cs#L6
CreateFolderWithSelection,src/Files.App/Actions/FileSystem/CreateFolderWithSelectionAction.cs,99951c66928c4da714da8b1dd46039421182cbab,6,,V,planned,awaiting-behavior-review,https://github.com/files-community/Files/blob/99951c66928c4da714da8b1dd46039421182cbab/src/Files.App/Actions/FileSystem/CreateFolderWithSelectionAction.cs#L6
CreateShortcut,src/Files.App/Actions/FileSystem/CreateShortcutAction.cs,99951c66928c4da714da8b1dd46039421182cbab,6,,V,planned,awaiting-behavior-review,https://github.com/files-community/Files/blob/99951c66928c4da714da8b1dd46039421182cbab/src/Files.App/Actions/FileSystem/CreateShortcutAction.cs#L6
CreateShortcutFromDialog,src/Files.App/Actions/FileSystem/CreateShortcutFromDialogAction.cs,99951c66928c4da714da8b1dd46039421182cbab,6,,V,planned,awaiting-behavior-review,https://github.com/files-community/Files/blob/99951c66928c4da714da8b1dd46039421182cbab/src/Files.App/Actions/FileSystem/CreateShortcutFromDialogAction.cs#L6
DeleteItem,src/Files.App/Actions/FileSystem/DeleteItemAction.cs,99951c66928c4da714da8b1dd46039421182cbab,6,,V,planned,awaiting-behavior-review,https://github.com/files-community/Files/blob/99951c66928c4da714da8b1dd46039421182cbab/src/Files.App/Actions/FileSystem/DeleteItemAction.cs#L6
DeleteItemPermanently,src/Files.App/Actions/FileSystem/DeleteItemPermanentlyAction.cs,99951c66928c4da714da8b1dd46039421182cbab,6,,V,planned,awaiting-behavior-review,https://github.com/files-community/Files/blob/99951c66928c4da714da8b1dd46039421182cbab/src/Files.App/Actions/FileSystem/DeleteItemPermanentlyAction.cs#L6
EmptyRecycleBin,src/Files.App/Actions/FileSystem/EmptyRecycleBinAction.cs,99951c66928c4da714da8b1dd46039421182cbab,9,,V,planned,awaiting-behavior-review,https://github.com/files-community/Files/blob/99951c66928c4da714da8b1dd46039421182cbab/src/Files.App/Actions/FileSystem/EmptyRecycleBinAction.cs#L9
FlattenFolder,src/Files.App/Actions/FileSystem/FlattenFolderAction.cs,99951c66928c4da714da8b1dd46039421182cbab,12,,V,planned,awaiting-behavior-review,https://github.com/files-community/Files/blob/99951c66928c4da714da8b1dd46039421182cbab/src/Files.App/Actions/FileSystem/FlattenFolderAction.cs#L12
FormatDrive,src/Files.App/Actions/FileSystem/FormatDriveAction.cs,99951c66928c4da714da8b1dd46039421182cbab,6,,V,planned,awaiting-behavior-review,https://github.com/files-community/Files/blob/99951c66928c4da714da8b1dd46039421182cbab/src/Files.App/Actions/FileSystem/FormatDriveAction.cs#L6
FormatDriveFromHome,src/Files.App/Actions/FileSystem/FormatDriveFromHomeAction.cs,99951c66928c4da714da8b1dd46039421182cbab,6,,V,planned,awaiting-behavior-review,https://github.com/files-community/Files/blob/99951c66928c4da714da8b1dd46039421182cbab/src/Files.App/Actions/FileSystem/FormatDriveFromHomeAction.cs#L6
FormatDriveFromSidebar,src/Files.App/Actions/FileSystem/FormatDriveFromSidebarAction.cs,99951c66928c4da714da8b1dd46039421182cbab,6,,V,planned,awaiting-behavior-review,https://github.com/files-community/Files/blob/99951c66928c4da714da8b1dd46039421182cbab/src/Files.App/Actions/FileSystem/FormatDriveFromSidebarAction.cs#L6
OpenFileLocation,src/Files.App/Actions/FileSystem/OpenFileLocationAction.cs,99951c66928c4da714da8b1dd46039421182cbab,8,,V,planned,awaiting-behavior-review,https://github.com/files-community/Files/blob/99951c66928c4da714da8b1dd46039421182cbab/src/Files.App/Actions/FileSystem/OpenFileLocationAction.cs#L8
OpenItem,src/Files.App/Actions/FileSystem/OpenItemAction.cs,99951c66928c4da714da8b1dd46039421182cbab,9,,V,planned,awaiting-behavior-review,https://github.com/files-community/Files/blob/99951c66928c4da714da8b1dd46039421182cbab/src/Files.App/Actions/FileSystem/OpenItemAction.cs#L9
OpenItemWithApplicationPicker,src/Files.App/Actions/FileSystem/OpenItemAction.cs,99951c66928c4da714da8b1dd46039421182cbab,58,,V,planned,awaiting-behavior-review,https://github.com/files-community/Files/blob/99951c66928c4da714da8b1dd46039421182cbab/src/Files.App/Actions/FileSystem/OpenItemAction.cs#L58
OpenParentFolder,src/Files.App/Actions/FileSystem/OpenItemAction.cs,99951c66928c4da714da8b1dd46039421182cbab,105,,V,planned,awaiting-behavior-review,https://github.com/files-community/Files/blob/99951c66928c4da714da8b1dd46039421182cbab/src/Files.App/Actions/FileSystem/OpenItemAction.cs#L105
PasteItem,src/Files.App/Actions/FileSystem/PasteItemAction.cs,99951c66928c4da714da8b1dd46039421182cbab,6,,V,planned,awaiting-behavior-review,https://github.com/files-community/Files/blob/99951c66928c4da714da8b1dd46039421182cbab/src/Files.App/Actions/FileSystem/PasteItemAction.cs#L6
PasteItemAsShortcut,src/Files.App/Actions/FileSystem/PasteItemAsShortcutAction.cs,99951c66928c4da714da8b1dd46039421182cbab,6,,V,planned,awaiting-behavior-review,https://github.com/files-community/Files/blob/99951c66928c4da714da8b1dd46039421182cbab/src/Files.App/Actions/FileSystem/PasteItemAsShortcutAction.cs#L6
PasteItemToSelection,src/Files.App/Actions/FileSystem/PasteItemToSelectionAction.cs,99951c66928c4da714da8b1dd46039421182cbab,6,,V,planned,awaiting-behavior-review,https://github.com/files-community/Files/blob/99951c66928c4da714da8b1dd46039421182cbab/src/Files.App/Actions/FileSystem/PasteItemToSelectionAction.cs#L6
Rename,src/Files.App/Actions/FileSystem/RenameAction.cs,99951c66928c4da714da8b1dd46039421182cbab,6,,V,planned,awaiting-behavior-review,https://github.com/files-community/Files/blob/99951c66928c4da714da8b1dd46039421182cbab/src/Files.App/Actions/FileSystem/RenameAction.cs#L6
RestoreAllRecycleBin,src/Files.App/Actions/FileSystem/RestoreAllRecycleBinAction.cs,99951c66928c4da714da8b1dd46039421182cbab,9,,V,planned,awaiting-behavior-review,https://github.com/files-community/Files/blob/99951c66928c4da714da8b1dd46039421182cbab/src/Files.App/Actions/FileSystem/RestoreAllRecycleBinAction.cs#L9
RestoreRecycleBin,src/Files.App/Actions/FileSystem/RestoreRecycleBinAction.cs,99951c66928c4da714da8b1dd46039421182cbab,10,,V,planned,awaiting-behavior-review,https://github.com/files-community/Files/blob/99951c66928c4da714da8b1dd46039421182cbab/src/Files.App/Actions/FileSystem/RestoreRecycleBinAction.cs#L10
CopyItem,src/Files.App/Actions/FileSystem/Transfer/CopyItemAction.cs,99951c66928c4da714da8b1dd46039421182cbab,8,,V,planned,awaiting-behavior-review,https://github.com/files-community/Files/blob/99951c66928c4da714da8b1dd46039421182cbab/src/Files.App/Actions/FileSystem/Transfer/CopyItemAction.cs#L8
CutItem,src/Files.App/Actions/FileSystem/Transfer/CutItemAction.cs,99951c66928c4da714da8b1dd46039421182cbab,8,,V,planned,awaiting-behavior-review,https://github.com/files-community/Files/blob/99951c66928c4da714da8b1dd46039421182cbab/src/Files.App/Actions/FileSystem/Transfer/CutItemAction.cs#L8
GitClone,src/Files.App/Actions/Git/GitCloneAction.cs,99951c66928c4da714da8b1dd46039421182cbab,6,,V,planned,awaiting-behavior-review,https://github.com/files-community/Files/blob/99951c66928c4da714da8b1dd46039421182cbab/src/Files.App/Actions/Git/GitCloneAction.cs#L6
GitFetch,src/Files.App/Actions/Git/GitFetchAction.cs,99951c66928c4da714da8b1dd46039421182cbab,6,,V,planned,awaiting-behavior-review,https://github.com/files-community/Files/blob/99951c66928c4da714da8b1dd46039421182cbab/src/Files.App/Actions/Git/GitFetchAction.cs#L6
GitInit,src/Files.App/Actions/Git/GitInitAction.cs,99951c66928c4da714da8b1dd46039421182cbab,6,,V,planned,awaiting-behavior-review,https://github.com/files-community/Files/blob/99951c66928c4da714da8b1dd46039421182cbab/src/Files.App/Actions/Git/GitInitAction.cs#L6
GitPull,src/Files.App/Actions/Git/GitPullAction.cs,99951c66928c4da714da8b1dd46039421182cbab,6,,V,planned,awaiting-behavior-review,https://github.com/files-community/Files/blob/99951c66928c4da714da8b1dd46039421182cbab/src/Files.App/Actions/Git/GitPullAction.cs#L6
GitPush,src/Files.App/Actions/Git/GitPushAction.cs,99951c66928c4da714da8b1dd46039421182cbab,6,,V,planned,awaiting-behavior-review,https://github.com/files-community/Files/blob/99951c66928c4da714da8b1dd46039421182cbab/src/Files.App/Actions/Git/GitPushAction.cs#L6
GitSync,src/Files.App/Actions/Git/GitSyncAction.cs,99951c66928c4da714da8b1dd46039421182cbab,6,,V,planned,awaiting-behavior-review,https://github.com/files-community/Files/blob/99951c66928c4da714da8b1dd46039421182cbab/src/Files.App/Actions/Git/GitSyncAction.cs#L6
EditPath,src/Files.App/Actions/Global/EditPathAction.cs,99951c66928c4da714da8b1dd46039421182cbab,6,,V,planned,awaiting-behavior-review,https://github.com/files-community/Files/blob/99951c66928c4da714da8b1dd46039421182cbab/src/Files.App/Actions/Global/EditPathAction.cs#L6
EnterCompactOverlay,src/Files.App/Actions/Global/EnterCompactOverlayAction.cs,99951c66928c4da714da8b1dd46039421182cbab,9,,V,planned,awaiting-behavior-review,https://github.com/files-community/Files/blob/99951c66928c4da714da8b1dd46039421182cbab/src/Files.App/Actions/Global/EnterCompactOverlayAction.cs#L9
ExitCompactOverlay,src/Files.App/Actions/Global/ExitCompactOverlayAction.cs,99951c66928c4da714da8b1dd46039421182cbab,8,,V,planned,awaiting-behavior-review,https://github.com/files-community/Files/blob/99951c66928c4da714da8b1dd46039421182cbab/src/Files.App/Actions/Global/ExitCompactOverlayAction.cs#L8
OpenHelp,src/Files.App/Actions/Global/OpenHelpAction.cs,99951c66928c4da714da8b1dd46039421182cbab,8,,V,planned,awaiting-behavior-review,https://github.com/files-community/Files/blob/99951c66928c4da714da8b1dd46039421182cbab/src/Files.App/Actions/Global/OpenHelpAction.cs#L8
Redo,src/Files.App/Actions/Global/RedoAction.cs,99951c66928c4da714da8b1dd46039421182cbab,6,,V,planned,awaiting-behavior-review,https://github.com/files-community/Files/blob/99951c66928c4da714da8b1dd46039421182cbab/src/Files.App/Actions/Global/RedoAction.cs#L6
Search,src/Files.App/Actions/Global/SearchAction.cs,99951c66928c4da714da8b1dd46039421182cbab,6,,V,planned,awaiting-behavior-review,https://github.com/files-community/Files/blob/99951c66928c4da714da8b1dd46039421182cbab/src/Files.App/Actions/Global/SearchAction.cs#L6
SetDarkTheme,src/Files.App/Actions/Global/SetDarkThemeAction.cs,99951c66928c4da714da8b1dd46039421182cbab,8,,V,planned,awaiting-behavior-review,https://github.com/files-community/Files/blob/99951c66928c4da714da8b1dd46039421182cbab/src/Files.App/Actions/Global/SetDarkThemeAction.cs#L8
SetDefaultTheme,src/Files.App/Actions/Global/SetDefaultThemeAction.cs,99951c66928c4da714da8b1dd46039421182cbab,8,,V,planned,awaiting-behavior-review,https://github.com/files-community/Files/blob/99951c66928c4da714da8b1dd46039421182cbab/src/Files.App/Actions/Global/SetDefaultThemeAction.cs#L8
SetLightTheme,src/Files.App/Actions/Global/SetLightThemeAction.cs,99951c66928c4da714da8b1dd46039421182cbab,8,,V,planned,awaiting-behavior-review,https://github.com/files-community/Files/blob/99951c66928c4da714da8b1dd46039421182cbab/src/Files.App/Actions/Global/SetLightThemeAction.cs#L8
ToggleAppTheme,src/Files.App/Actions/Global/ToggleAppThemeAction.cs,99951c66928c4da714da8b1dd46039421182cbab,8,,V,planned,awaiting-behavior-review,https://github.com/files-community/Files/blob/99951c66928c4da714da8b1dd46039421182cbab/src/Files.App/Actions/Global/ToggleAppThemeAction.cs#L8
ToggleCompactOverlay,src/Files.App/Actions/Global/ToggleCompactOverlayAction.cs,99951c66928c4da714da8b1dd46039421182cbab,9,,V,planned,awaiting-behavior-review,https://github.com/files-community/Files/blob/99951c66928c4da714da8b1dd46039421182cbab/src/Files.App/Actions/Global/ToggleCompactOverlayAction.cs#L9
ToggleFullScreen,src/Files.App/Actions/Global/ToggleFullScreenAction.cs,99951c66928c4da714da8b1dd46039421182cbab,8,,V,planned,awaiting-behavior-review,https://github.com/files-community/Files/blob/99951c66928c4da714da8b1dd46039421182cbab/src/Files.App/Actions/Global/ToggleFullScreenAction.cs#L8
Undo,src/Files.App/Actions/Global/UndoAction.cs,99951c66928c4da714da8b1dd46039421182cbab,6,,V,planned,awaiting-behavior-review,https://github.com/files-community/Files/blob/99951c66928c4da714da8b1dd46039421182cbab/src/Files.App/Actions/Global/UndoAction.cs#L6
ArrangePanesHorizontally,src/Files.App/Actions/Navigation/ArrangePanesHorizontallyAction.cs,99951c66928c4da714da8b1dd46039421182cbab,6,,V,planned,awaiting-behavior-review,https://github.com/files-community/Files/blob/99951c66928c4da714da8b1dd46039421182cbab/src/Files.App/Actions/Navigation/ArrangePanesHorizontallyAction.cs#L6
ArrangePanesVertically,src/Files.App/Actions/Navigation/ArrangePanesVerticallyAction.cs,99951c66928c4da714da8b1dd46039421182cbab,6,,V,planned,awaiting-behavior-review,https://github.com/files-community/Files/blob/99951c66928c4da714da8b1dd46039421182cbab/src/Files.App/Actions/Navigation/ArrangePanesVerticallyAction.cs#L6
CloseActivePane,src/Files.App/Actions/Navigation/CloseActivePaneAction.cs,99951c66928c4da714da8b1dd46039421182cbab,6,,V,planned,awaiting-behavior-review,https://github.com/files-community/Files/blob/99951c66928c4da714da8b1dd46039421182cbab/src/Files.App/Actions/Navigation/CloseActivePaneAction.cs#L6
CloseAllTabs,src/Files.App/Actions/Navigation/CloseAllTabsAction.cs,99951c66928c4da714da8b1dd46039421182cbab,6,,V,planned,awaiting-behavior-review,https://github.com/files-community/Files/blob/99951c66928c4da714da8b1dd46039421182cbab/src/Files.App/Actions/Navigation/CloseAllTabsAction.cs#L6
CloseOtherTabsSelected,src/Files.App/Actions/Navigation/CloseOtherTabsSelectedAction.cs,99951c66928c4da714da8b1dd46039421182cbab,6,,V,planned,awaiting-behavior-review,https://github.com/files-community/Files/blob/99951c66928c4da714da8b1dd46039421182cbab/src/Files.App/Actions/Navigation/CloseOtherTabsSelectedAction.cs#L6
CloseSelectedTab,src/Files.App/Actions/Navigation/CloseSelectedTabAction.cs,99951c66928c4da714da8b1dd46039421182cbab,6,,V,planned,awaiting-behavior-review,https://github.com/files-community/Files/blob/99951c66928c4da714da8b1dd46039421182cbab/src/Files.App/Actions/Navigation/CloseSelectedTabAction.cs#L6
CloseTabsToTheLeftSelected,src/Files.App/Actions/Navigation/CloseTabsToTheLeftSelectedAction.cs,99951c66928c4da714da8b1dd46039421182cbab,6,,V,planned,awaiting-behavior-review,https://github.com/files-community/Files/blob/99951c66928c4da714da8b1dd46039421182cbab/src/Files.App/Actions/Navigation/CloseTabsToTheLeftSelectedAction.cs#L6
CloseTabsToTheRightSelected,src/Files.App/Actions/Navigation/CloseTabsToTheRightSelectedAction.cs,99951c66928c4da714da8b1dd46039421182cbab,6,,V,planned,awaiting-behavior-review,https://github.com/files-community/Files/blob/99951c66928c4da714da8b1dd46039421182cbab/src/Files.App/Actions/Navigation/CloseTabsToTheRightSelectedAction.cs#L6
DuplicateSelectedTab,src/Files.App/Actions/Navigation/DuplicateSelectedTabAction.cs,99951c66928c4da714da8b1dd46039421182cbab,6,,V,planned,awaiting-behavior-review,https://github.com/files-community/Files/blob/99951c66928c4da714da8b1dd46039421182cbab/src/Files.App/Actions/Navigation/DuplicateSelectedTabAction.cs#L6
FocusOtherPane,src/Files.App/Actions/Navigation/FocusOtherPane.cs,99951c66928c4da714da8b1dd46039421182cbab,6,,V,planned,awaiting-behavior-review,https://github.com/files-community/Files/blob/99951c66928c4da714da8b1dd46039421182cbab/src/Files.App/Actions/Navigation/FocusOtherPane.cs#L6
NavigateBack,src/Files.App/Actions/Navigation/NavigateBackAction.cs,99951c66928c4da714da8b1dd46039421182cbab,6,,V,planned,awaiting-behavior-review,https://github.com/files-community/Files/blob/99951c66928c4da714da8b1dd46039421182cbab/src/Files.App/Actions/Navigation/NavigateBackAction.cs#L6
NavigateForward,src/Files.App/Actions/Navigation/NavigateForwardAction.cs,99951c66928c4da714da8b1dd46039421182cbab,6,,V,planned,awaiting-behavior-review,https://github.com/files-community/Files/blob/99951c66928c4da714da8b1dd46039421182cbab/src/Files.App/Actions/Navigation/NavigateForwardAction.cs#L6
NavigateHome,src/Files.App/Actions/Navigation/NavigateHomeAction.cs,99951c66928c4da714da8b1dd46039421182cbab,6,,V,planned,awaiting-behavior-review,https://github.com/files-community/Files/blob/99951c66928c4da714da8b1dd46039421182cbab/src/Files.App/Actions/Navigation/NavigateHomeAction.cs#L6
NavigateUp,src/Files.App/Actions/Navigation/NavigateUpAction.cs,99951c66928c4da714da8b1dd46039421182cbab,6,,V,planned,awaiting-behavior-review,https://github.com/files-community/Files/blob/99951c66928c4da714da8b1dd46039421182cbab/src/Files.App/Actions/Navigation/NavigateUpAction.cs#L6
NewTab,src/Files.App/Actions/Navigation/NewTabAction.cs,99951c66928c4da714da8b1dd46039421182cbab,6,,V,planned,awaiting-behavior-review,https://github.com/files-community/Files/blob/99951c66928c4da714da8b1dd46039421182cbab/src/Files.App/Actions/Navigation/NewTabAction.cs#L6
NewWindow,src/Files.App/Actions/Navigation/NewWindowAction.cs,99951c66928c4da714da8b1dd46039421182cbab,6,,V,planned,awaiting-behavior-review,https://github.com/files-community/Files/blob/99951c66928c4da714da8b1dd46039421182cbab/src/Files.App/Actions/Navigation/NewWindowAction.cs#L6
NextTab,src/Files.App/Actions/Navigation/NextTabAction.cs,99951c66928c4da714da8b1dd46039421182cbab,9,,V,planned,awaiting-behavior-review,https://github.com/files-community/Files/blob/99951c66928c4da714da8b1dd46039421182cbab/src/Files.App/Actions/Navigation/NextTabAction.cs#L9
OpenCurrentFolderInOtherPane,src/Files.App/Actions/Navigation/OpenCurrentFolderInOtherPane/OpenCurrentFolderInOtherPaneAction.cs,99951c66928c4da714da8b1dd46039421182cbab,6,,V,planned,awaiting-behavior-review,https://github.com/files-community/Files/blob/99951c66928c4da714da8b1dd46039421182cbab/src/Files.App/Actions/Navigation/OpenCurrentFolderInOtherPane/OpenCurrentFolderInOtherPaneAction.cs#L6
OpenInNewPane,src/Files.App/Actions/Navigation/OpenInNewPane/OpenInNewPaneAction.cs,99951c66928c4da714da8b1dd46039421182cbab,6,,V,planned,awaiting-behavior-review,https://github.com/files-community/Files/blob/99951c66928c4da714da8b1dd46039421182cbab/src/Files.App/Actions/Navigation/OpenInNewPane/OpenInNewPaneAction.cs#L6
OpenInNewPaneFromHome,src/Files.App/Actions/Navigation/OpenInNewPane/OpenInNewPaneFromHomeAction.cs,99951c66928c4da714da8b1dd46039421182cbab,6,,V,planned,awaiting-behavior-review,https://github.com/files-community/Files/blob/99951c66928c4da714da8b1dd46039421182cbab/src/Files.App/Actions/Navigation/OpenInNewPane/OpenInNewPaneFromHomeAction.cs#L6
OpenInNewPaneFromSidebar,src/Files.App/Actions/Navigation/OpenInNewPane/OpenInNewPaneFromSidebarAction.cs,99951c66928c4da714da8b1dd46039421182cbab,6,,V,planned,awaiting-behavior-review,https://github.com/files-community/Files/blob/99951c66928c4da714da8b1dd46039421182cbab/src/Files.App/Actions/Navigation/OpenInNewPane/OpenInNewPaneFromSidebarAction.cs#L6
OpenInNewTab,src/Files.App/Actions/Navigation/OpenInNewTab/OpenInNewTabAction.cs,99951c66928c4da714da8b1dd46039421182cbab,6,,V,planned,awaiting-behavior-review,https://github.com/files-community/Files/blob/99951c66928c4da714da8b1dd46039421182cbab/src/Files.App/Actions/Navigation/OpenInNewTab/OpenInNewTabAction.cs#L6
OpenInNewTabFromHome,src/Files.App/Actions/Navigation/OpenInNewTab/OpenInNewTabFromHomeAction.cs,99951c66928c4da714da8b1dd46039421182cbab,6,,V,planned,awaiting-behavior-review,https://github.com/files-community/Files/blob/99951c66928c4da714da8b1dd46039421182cbab/src/Files.App/Actions/Navigation/OpenInNewTab/OpenInNewTabFromHomeAction.cs#L6
OpenInNewTabFromSidebar,src/Files.App/Actions/Navigation/OpenInNewTab/OpenInNewTabFromSidebarAction.cs,99951c66928c4da714da8b1dd46039421182cbab,6,,V,planned,awaiting-behavior-review,https://github.com/files-community/Files/blob/99951c66928c4da714da8b1dd46039421182cbab/src/Files.App/Actions/Navigation/OpenInNewTab/OpenInNewTabFromSidebarAction.cs#L6
OpenInNewWindow,src/Files.App/Actions/Navigation/OpenInNewWindow/OpenInNewWindowAction.cs,99951c66928c4da714da8b1dd46039421182cbab,6,,V,planned,awaiting-behavior-review,https://github.com/files-community/Files/blob/99951c66928c4da714da8b1dd46039421182cbab/src/Files.App/Actions/Navigation/OpenInNewWindow/OpenInNewWindowAction.cs#L6
OpenInNewWindowFromHome,src/Files.App/Actions/Navigation/OpenInNewWindow/OpenInNewWindowFromHomeAction.cs,99951c66928c4da714da8b1dd46039421182cbab,6,,V,planned,awaiting-behavior-review,https://github.com/files-community/Files/blob/99951c66928c4da714da8b1dd46039421182cbab/src/Files.App/Actions/Navigation/OpenInNewWindow/OpenInNewWindowFromHomeAction.cs#L6
OpenInNewWindowFromSidebar,src/Files.App/Actions/Navigation/OpenInNewWindow/OpenInNewWindowFromSidebarAction.cs,99951c66928c4da714da8b1dd46039421182cbab,6,,V,planned,awaiting-behavior-review,https://github.com/files-community/Files/blob/99951c66928c4da714da8b1dd46039421182cbab/src/Files.App/Actions/Navigation/OpenInNewWindow/OpenInNewWindowFromSidebarAction.cs#L6
OpenInOtherPane,src/Files.App/Actions/Navigation/OpenInOtherPane/OpenInOtherPaneAction.cs,99951c66928c4da714da8b1dd46039421182cbab,6,,V,planned,awaiting-behavior-review,https://github.com/files-community/Files/blob/99951c66928c4da714da8b1dd46039421182cbab/src/Files.App/Actions/Navigation/OpenInOtherPane/OpenInOtherPaneAction.cs#L6
OpenInOtherPaneFromHome,src/Files.App/Actions/Navigation/OpenInOtherPane/OpenInOtherPaneFromHomeAction.cs,99951c66928c4da714da8b1dd46039421182cbab,6,,V,planned,awaiting-behavior-review,https://github.com/files-community/Files/blob/99951c66928c4da714da8b1dd46039421182cbab/src/Files.App/Actions/Navigation/OpenInOtherPane/OpenInOtherPaneFromHomeAction.cs#L6
OpenInOtherPaneFromSidebar,src/Files.App/Actions/Navigation/OpenInOtherPane/OpenInOtherPaneFromSidebarAction.cs,99951c66928c4da714da8b1dd46039421182cbab,6,,V,planned,awaiting-behavior-review,https://github.com/files-community/Files/blob/99951c66928c4da714da8b1dd46039421182cbab/src/Files.App/Actions/Navigation/OpenInOtherPane/OpenInOtherPaneFromSidebarAction.cs#L6
PreviousTab,src/Files.App/Actions/Navigation/PreviousTabAction.cs,99951c66928c4da714da8b1dd46039421182cbab,9,,V,planned,awaiting-behavior-review,https://github.com/files-community/Files/blob/99951c66928c4da714da8b1dd46039421182cbab/src/Files.App/Actions/Navigation/PreviousTabAction.cs#L9
ReopenClosedTab,src/Files.App/Actions/Navigation/ReopenClosedTabAction.cs,99951c66928c4da714da8b1dd46039421182cbab,6,,V,planned,awaiting-behavior-review,https://github.com/files-community/Files/blob/99951c66928c4da714da8b1dd46039421182cbab/src/Files.App/Actions/Navigation/ReopenClosedTabAction.cs#L6
SplitPaneHorizontally,src/Files.App/Actions/Navigation/SplitPaneHorizontallyAction.cs,99951c66928c4da714da8b1dd46039421182cbab,6,,V,planned,awaiting-behavior-review,https://github.com/files-community/Files/blob/99951c66928c4da714da8b1dd46039421182cbab/src/Files.App/Actions/Navigation/SplitPaneHorizontallyAction.cs#L6
SplitPaneVertically,src/Files.App/Actions/Navigation/SplitPaneVerticallyAction.cs,99951c66928c4da714da8b1dd46039421182cbab,6,,V,planned,awaiting-behavior-review,https://github.com/files-community/Files/blob/99951c66928c4da714da8b1dd46039421182cbab/src/Files.App/Actions/Navigation/SplitPaneVerticallyAction.cs#L6
CustomizeToolbar,src/Files.App/Actions/Open/CustomizeToolbarAction.cs,99951c66928c4da714da8b1dd46039421182cbab,8,,V,planned,awaiting-behavior-review,https://github.com/files-community/Files/blob/99951c66928c4da714da8b1dd46039421182cbab/src/Files.App/Actions/Open/CustomizeToolbarAction.cs#L8
EditInNotepad,src/Files.App/Actions/Open/EditInNotepadAction.cs,99951c66928c4da714da8b1dd46039421182cbab,8,,V,planned,awaiting-behavior-review,https://github.com/files-community/Files/blob/99951c66928c4da714da8b1dd46039421182cbab/src/Files.App/Actions/Open/EditInNotepadAction.cs#L8
OpenClassicProperties,src/Files.App/Actions/Open/OpenClassicPropertiesAction.cs,99951c66928c4da714da8b1dd46039421182cbab,10,,V,planned,awaiting-behavior-review,https://github.com/files-community/Files/blob/99951c66928c4da714da8b1dd46039421182cbab/src/Files.App/Actions/Open/OpenClassicPropertiesAction.cs#L10
OpenCommandPalette,src/Files.App/Actions/Open/OpenCommandPaletteAction.cs,99951c66928c4da714da8b1dd46039421182cbab,6,,V,planned,awaiting-behavior-review,https://github.com/files-community/Files/blob/99951c66928c4da714da8b1dd46039421182cbab/src/Files.App/Actions/Open/OpenCommandPaletteAction.cs#L6
OpenInIDE,src/Files.App/Actions/Open/OpenInIDEAction.cs,99951c66928c4da714da8b1dd46039421182cbab,6,,V,planned,awaiting-behavior-review,https://github.com/files-community/Files/blob/99951c66928c4da714da8b1dd46039421182cbab/src/Files.App/Actions/Open/OpenInIDEAction.cs#L6
OpenLogFile,src/Files.App/Actions/Open/OpenLogFileAction.cs,99951c66928c4da714da8b1dd46039421182cbab,12,,V,planned,awaiting-behavior-review,https://github.com/files-community/Files/blob/99951c66928c4da714da8b1dd46039421182cbab/src/Files.App/Actions/Open/OpenLogFileAction.cs#L12
OpenLogFileLocation,src/Files.App/Actions/Open/OpenLogFileLocationAction.cs,99951c66928c4da714da8b1dd46039421182cbab,9,,V,planned,awaiting-behavior-review,https://github.com/files-community/Files/blob/99951c66928c4da714da8b1dd46039421182cbab/src/Files.App/Actions/Open/OpenLogFileLocationAction.cs#L9
OpenProperties,src/Files.App/Actions/Open/OpenPropertiesAction.cs,99951c66928c4da714da8b1dd46039421182cbab,6,,V,planned,awaiting-behavior-review,https://github.com/files-community/Files/blob/99951c66928c4da714da8b1dd46039421182cbab/src/Files.App/Actions/Open/OpenPropertiesAction.cs#L6
OpenReleaseNotes,src/Files.App/Actions/Open/OpenReleaseNotesAction.cs,99951c66928c4da714da8b1dd46039421182cbab,6,,V,planned,awaiting-behavior-review,https://github.com/files-community/Files/blob/99951c66928c4da714da8b1dd46039421182cbab/src/Files.App/Actions/Open/OpenReleaseNotesAction.cs#L6
OpenRepoInIDE,src/Files.App/Actions/Open/OpenRepoInIDEAction.cs,99951c66928c4da714da8b1dd46039421182cbab,6,,V,planned,awaiting-behavior-review,https://github.com/files-community/Files/blob/99951c66928c4da714da8b1dd46039421182cbab/src/Files.App/Actions/Open/OpenRepoInIDEAction.cs#L6
OpenSettings,src/Files.App/Actions/Open/OpenSettingsAction.cs,99951c66928c4da714da8b1dd46039421182cbab,6,,V,planned,awaiting-behavior-review,https://github.com/files-community/Files/blob/99951c66928c4da714da8b1dd46039421182cbab/src/Files.App/Actions/Open/OpenSettingsAction.cs#L6
OpenSettingsFile,src/Files.App/Actions/Open/OpenSettingsFileAction.cs,99951c66928c4da714da8b1dd46039421182cbab,12,,V,planned,awaiting-behavior-review,https://github.com/files-community/Files/blob/99951c66928c4da714da8b1dd46039421182cbab/src/Files.App/Actions/Open/OpenSettingsFileAction.cs#L12
OpenStorageSense,src/Files.App/Actions/Open/OpenStorageSenseAction.cs,99951c66928c4da714da8b1dd46039421182cbab,6,,V,planned,awaiting-behavior-review,https://github.com/files-community/Files/blob/99951c66928c4da714da8b1dd46039421182cbab/src/Files.App/Actions/Open/OpenStorageSenseAction.cs#L6
OpenStorageSenseFromHome,src/Files.App/Actions/Open/OpenStorageSenseFromHomeAction.cs,99951c66928c4da714da8b1dd46039421182cbab,6,,V,planned,awaiting-behavior-review,https://github.com/files-community/Files/blob/99951c66928c4da714da8b1dd46039421182cbab/src/Files.App/Actions/Open/OpenStorageSenseFromHomeAction.cs#L6
OpenStorageSenseFromSidebar,src/Files.App/Actions/Open/OpenStorageSenseFromSidebarAction.cs,99951c66928c4da714da8b1dd46039421182cbab,6,,V,planned,awaiting-behavior-review,https://github.com/files-community/Files/blob/99951c66928c4da714da8b1dd46039421182cbab/src/Files.App/Actions/Open/OpenStorageSenseFromSidebarAction.cs#L6
OpenTerminal,src/Files.App/Actions/Open/OpenTerminalAction.cs,99951c66928c4da714da8b1dd46039421182cbab,10,,V,planned,awaiting-behavior-review,https://github.com/files-community/Files/blob/99951c66928c4da714da8b1dd46039421182cbab/src/Files.App/Actions/Open/OpenTerminalAction.cs#L10
OpenTerminalAsAdmin,src/Files.App/Actions/Open/OpenTerminalAsAdminAction.cs,99951c66928c4da714da8b1dd46039421182cbab,6,,V,planned,awaiting-behavior-review,https://github.com/files-community/Files/blob/99951c66928c4da714da8b1dd46039421182cbab/src/Files.App/Actions/Open/OpenTerminalAsAdminAction.cs#L6
OpenTerminalFromHome,src/Files.App/Actions/Open/OpenTerminalFromHomeAction.cs,99951c66928c4da714da8b1dd46039421182cbab,6,,V,planned,awaiting-behavior-review,https://github.com/files-community/Files/blob/99951c66928c4da714da8b1dd46039421182cbab/src/Files.App/Actions/Open/OpenTerminalFromHomeAction.cs#L6
OpenTerminalFromSidebar,src/Files.App/Actions/Open/OpenTerminalFromSidebarAction.cs,99951c66928c4da714da8b1dd46039421182cbab,6,,V,planned,awaiting-behavior-review,https://github.com/files-community/Files/blob/99951c66928c4da714da8b1dd46039421182cbab/src/Files.App/Actions/Open/OpenTerminalFromSidebarAction.cs#L6
CopyItemFromShelf,src/Files.App/Actions/Shelf/CopyItemFromShelfAction.cs,99951c66928c4da714da8b1dd46039421182cbab,8,,V,planned,awaiting-behavior-review,https://github.com/files-community/Files/blob/99951c66928c4da714da8b1dd46039421182cbab/src/Files.App/Actions/Shelf/CopyItemFromShelfAction.cs#L8
CutItemFromShelf,src/Files.App/Actions/Shelf/CutItemFromShelfAction.cs,99951c66928c4da714da8b1dd46039421182cbab,8,,V,planned,awaiting-behavior-review,https://github.com/files-community/Files/blob/99951c66928c4da714da8b1dd46039421182cbab/src/Files.App/Actions/Shelf/CutItemFromShelfAction.cs#L8
DeleteItemFromShelf,src/Files.App/Actions/Shelf/DeleteItemFromShelfAction.cs,99951c66928c4da714da8b1dd46039421182cbab,6,,V,planned,awaiting-behavior-review,https://github.com/files-community/Files/blob/99951c66928c4da714da8b1dd46039421182cbab/src/Files.App/Actions/Shelf/DeleteItemFromShelfAction.cs#L6
ToggleDetailsPane,src/Files.App/Actions/Show/ToggleDetailsPaneAction.cs,99951c66928c4da714da8b1dd46039421182cbab,6,,V,planned,awaiting-behavior-review,https://github.com/files-community/Files/blob/99951c66928c4da714da8b1dd46039421182cbab/src/Files.App/Actions/Show/ToggleDetailsPaneAction.cs#L6
ToggleDotFilesSetting,src/Files.App/Actions/Show/ToggleDotFilesSettingAction.cs,99951c66928c4da714da8b1dd46039421182cbab,6,,V,planned,awaiting-behavior-review,https://github.com/files-community/Files/blob/99951c66928c4da714da8b1dd46039421182cbab/src/Files.App/Actions/Show/ToggleDotFilesSettingAction.cs#L6
ToggleDualPane,src/Files.App/Actions/Show/ToggleDualPaneAction.cs,99951c66928c4da714da8b1dd46039421182cbab,6,,V,planned,awaiting-behavior-review,https://github.com/files-community/Files/blob/99951c66928c4da714da8b1dd46039421182cbab/src/Files.App/Actions/Show/ToggleDualPaneAction.cs#L6
ToggleFilterHeader,src/Files.App/Actions/Show/ToggleFilterHeaderAction.cs,99951c66928c4da714da8b1dd46039421182cbab,6,,V,planned,awaiting-behavior-review,https://github.com/files-community/Files/blob/99951c66928c4da714da8b1dd46039421182cbab/src/Files.App/Actions/Show/ToggleFilterHeaderAction.cs#L6
ToggleInfoPane,src/Files.App/Actions/Show/ToggleInfoPaneAction.cs,99951c66928c4da714da8b1dd46039421182cbab,6,,V,planned,awaiting-behavior-review,https://github.com/files-community/Files/blob/99951c66928c4da714da8b1dd46039421182cbab/src/Files.App/Actions/Show/ToggleInfoPaneAction.cs#L6
TogglePreviewPane,src/Files.App/Actions/Show/TogglePreviewPaneAction.cs,99951c66928c4da714da8b1dd46039421182cbab,6,,V,planned,awaiting-behavior-review,https://github.com/files-community/Files/blob/99951c66928c4da714da8b1dd46039421182cbab/src/Files.App/Actions/Show/TogglePreviewPaneAction.cs#L6
ToggleShelfPane,src/Files.App/Actions/Show/ToggleShelfPaneAction.cs,99951c66928c4da714da8b1dd46039421182cbab,6,,V,planned,awaiting-behavior-review,https://github.com/files-community/Files/blob/99951c66928c4da714da8b1dd46039421182cbab/src/Files.App/Actions/Show/ToggleShelfPaneAction.cs#L6
ToggleShowFileExtensions,src/Files.App/Actions/Show/ToggleShowFileExtensionsAction.cs,99951c66928c4da714da8b1dd46039421182cbab,6,,V,planned,awaiting-behavior-review,https://github.com/files-community/Files/blob/99951c66928c4da714da8b1dd46039421182cbab/src/Files.App/Actions/Show/ToggleShowFileExtensionsAction.cs#L6
ToggleShowHiddenItems,src/Files.App/Actions/Show/ToggleShowHiddenItemsAction.cs,99951c66928c4da714da8b1dd46039421182cbab,6,,V,planned,awaiting-behavior-review,https://github.com/files-community/Files/blob/99951c66928c4da714da8b1dd46039421182cbab/src/Files.App/Actions/Show/ToggleShowHiddenItemsAction.cs#L6
ToggleSidebar,src/Files.App/Actions/Show/ToggleSidebarAction.cs,99951c66928c4da714da8b1dd46039421182cbab,9,,V,planned,awaiting-behavior-review,https://github.com/files-community/Files/blob/99951c66928c4da714da8b1dd46039421182cbab/src/Files.App/Actions/Show/ToggleSidebarAction.cs#L9
ToggleToolbar,src/Files.App/Actions/Show/ToggleToolbarAction.cs,99951c66928c4da714da8b1dd46039421182cbab,6,,V,planned,awaiting-behavior-review,https://github.com/files-community/Files/blob/99951c66928c4da714da8b1dd46039421182cbab/src/Files.App/Actions/Show/ToggleToolbarAction.cs#L6
CopyItemFromSidebar,src/Files.App/Actions/Sidebar/CopyItemFromSidebarAction.cs,99951c66928c4da714da8b1dd46039421182cbab,10,,V,planned,awaiting-behavior-review,https://github.com/files-community/Files/blob/99951c66928c4da714da8b1dd46039421182cbab/src/Files.App/Actions/Sidebar/CopyItemFromSidebarAction.cs#L10
PinFolderToSidebar,src/Files.App/Actions/Sidebar/PinFolderToSidebarAction.cs,99951c66928c4da714da8b1dd46039421182cbab,8,,V,planned,awaiting-behavior-review,https://github.com/files-community/Files/blob/99951c66928c4da714da8b1dd46039421182cbab/src/Files.App/Actions/Sidebar/PinFolderToSidebarAction.cs#L8
UnpinFolderFromSidebar,src/Files.App/Actions/Sidebar/UnpinFolderToSidebarAction.cs,99951c66928c4da714da8b1dd46039421182cbab,6,,V,planned,awaiting-behavior-review,https://github.com/files-community/Files/blob/99951c66928c4da714da8b1dd46039421182cbab/src/Files.App/Actions/Sidebar/UnpinFolderToSidebarAction.cs#L6
PinToStart,src/Files.App/Actions/Start/PinToStartAction.cs,99951c66928c4da714da8b1dd46039421182cbab,6,,V,planned,awaiting-behavior-review,https://github.com/files-community/Files/blob/99951c66928c4da714da8b1dd46039421182cbab/src/Files.App/Actions/Start/PinToStartAction.cs#L6
UnpinFromStart,src/Files.App/Actions/Start/UnpinFromStartAction.cs,99951c66928c4da714da8b1dd46039421182cbab,6,,V,planned,awaiting-behavior-review,https://github.com/files-community/Files/blob/99951c66928c4da714da8b1dd46039421182cbab/src/Files.App/Actions/Start/UnpinFromStartAction.cs#L6
