source_id,inventory_level,source_path,source_sha,classification,status,evidence
HomePage,view-source,src/Files.App/Views/HomePage.xaml,99951c66928c4da714da8b1dd46039421182cbab,V,awaiting-individual-review,https://github.com/files-community/Files/blob/99951c66928c4da714da8b1dd46039421182cbab/src/Files.App/Views/HomePage.xaml
ColumnLayoutPage,view-source,src/Files.App/Views/Layouts/ColumnLayoutPage.xaml,99951c66928c4da714da8b1dd46039421182cbab,V,awaiting-individual-review,https://github.com/files-community/Files/blob/99951c66928c4da714da8b1dd46039421182cbab/src/Files.App/Views/Layouts/ColumnLayoutPage.xaml
ColumnsLayoutPage,view-source,src/Files.App/Views/Layouts/ColumnsLayoutPage.xaml,99951c66928c4da714da8b1dd46039421182cbab,V,awaiting-individual-review,https://github.com/files-community/Files/blob/99951c66928c4da714da8b1dd46039421182cbab/src/Files.App/Views/Layouts/ColumnsLayoutPage.xaml
DetailsLayoutPage,view-source,src/Files.App/Views/Layouts/DetailsLayoutPage.xaml,99951c66928c4da714da8b1dd46039421182cbab,V,awaiting-individual-review,https://github.com/files-community/Files/blob/99951c66928c4da714da8b1dd46039421182cbab/src/Files.App/Views/Layouts/DetailsLayoutPage.xaml
GridLayoutPage,view-source,src/Files.App/Views/Layouts/GridLayoutPage.xaml,99951c66928c4da714da8b1dd46039421182cbab,V,awaiting-individual-review,https://github.com/files-community/Files/blob/99951c66928c4da714da8b1dd46039421182cbab/src/Files.App/Views/Layouts/GridLayoutPage.xaml
MainPage,view-source,src/Files.App/Views/MainPage.xaml,99951c66928c4da714da8b1dd46039421182cbab,V,awaiting-individual-review,https://github.com/files-community/Files/blob/99951c66928c4da714da8b1dd46039421182cbab/src/Files.App/Views/MainPage.xaml
CompatibilityPage,view-source,src/Files.App/Views/Properties/CompatibilityPage.xaml,99951c66928c4da714da8b1dd46039421182cbab,V,awaiting-individual-review,https://github.com/files-community/Files/blob/99951c66928c4da714da8b1dd46039421182cbab/src/Files.App/Views/Properties/CompatibilityPage.xaml
CustomizationPage,view-source,src/Files.App/Views/Properties/CustomizationPage.xaml,99951c66928c4da714da8b1dd46039421182cbab,V,awaiting-individual-review,https://github.com/files-community/Files/blob/99951c66928c4da714da8b1dd46039421182cbab/src/Files.App/Views/Properties/CustomizationPage.xaml
DetailsPage,view-source,src/Files.App/Views/Properties/DetailsPage.xaml,99951c66928c4da714da8b1dd46039421182cbab,V,awaiting-individual-review,https://github.com/files-community/Files/blob/99951c66928c4da714da8b1dd46039421182cbab/src/Files.App/Views/Properties/DetailsPage.xaml
GeneralPage,view-source,src/Files.App/Views/Properties/GeneralPage.xaml,99951c66928c4da714da8b1dd46039421182cbab,V,awaiting-individual-review,https://github.com/files-community/Files/blob/99951c66928c4da714da8b1dd46039421182cbab/src/Files.App/Views/Properties/GeneralPage.xaml
HashesPage,view-source,src/Files.App/Views/Properties/HashesPage.xaml,99951c66928c4da714da8b1dd46039421182cbab,V,awaiting-individual-review,https://github.com/files-community/Files/blob/99951c66928c4da714da8b1dd46039421182cbab/src/Files.App/Views/Properties/HashesPage.xaml
LibraryPage,view-source,src/Files.App/Views/Properties/LibraryPage.xaml,99951c66928c4da714da8b1dd46039421182cbab,V,awaiting-individual-review,https://github.com/files-community/Files/blob/99951c66928c4da714da8b1dd46039421182cbab/src/Files.App/Views/Properties/LibraryPage.xaml
MainPropertiesPage,view-source,src/Files.App/Views/Properties/MainPropertiesPage.xaml,99951c66928c4da714da8b1dd46039421182cbab,V,awaiting-individual-review,https://github.com/files-community/Files/blob/99951c66928c4da714da8b1dd46039421182cbab/src/Files.App/Views/Properties/MainPropertiesPage.xaml
SecurityAdvancedPage,view-source,src/Files.App/Views/Properties/SecurityAdvancedPage.xaml,99951c66928c4da714da8b1dd46039421182cbab,V,awaiting-individual-review,https://github.com/files-community/Files/blob/99951c66928c4da714da8b1dd46039421182cbab/src/Files.App/Views/Properties/SecurityAdvancedPage.xaml
SecurityPage,view-source,src/Files.App/Views/Properties/SecurityPage.xaml,99951c66928c4da714da8b1dd46039421182cbab,V,awaiting-individual-review,https://github.com/files-community/Files/blob/99951c66928c4da714da8b1dd46039421182cbab/src/Files.App/Views/Properties/SecurityPage.xaml
ShortcutPage,view-source,src/Files.App/Views/Properties/ShortcutPage.xaml,99951c66928c4da714da8b1dd46039421182cbab,V,awaiting-individual-review,https://github.com/files-community/Files/blob/99951c66928c4da714da8b1dd46039421182cbab/src/Files.App/Views/Properties/ShortcutPage.xaml
SignaturesPage,view-source,src/Files.App/Views/Properties/SignaturesPage.xaml,99951c66928c4da714da8b1dd46039421182cbab,V,awaiting-individual-review,https://github.com/files-community/Files/blob/99951c66928c4da714da8b1dd46039421182cbab/src/Files.App/Views/Properties/SignaturesPage.xaml
ReleaseNotesPage,view-source,src/Files.App/Views/ReleaseNotesPage.xaml,99951c66928c4da714da8b1dd46039421182cbab,V,awaiting-individual-review,https://github.com/files-community/Files/blob/99951c66928c4da714da8b1dd46039421182cbab/src/Files.App/Views/ReleaseNotesPage.xaml
AboutPage,view-source,src/Files.App/Views/Settings/AboutPage.xaml,99951c66928c4da714da8b1dd46039421182cbab,V,awaiting-individual-review,https://github.com/files-community/Files/blob/99951c66928c4da714da8b1dd46039421182cbab/src/Files.App/Views/Settings/AboutPage.xaml
ActionsPage,view-source,src/Files.App/Views/Settings/ActionsPage.xaml,99951c66928c4da714da8b1dd46039421182cbab,V,awaiting-individual-review,https://github.com/files-community/Files/blob/99951c66928c4da714da8b1dd46039421182cbab/src/Files.App/Views/Settings/ActionsPage.xaml
AdvancedPage,view-source,src/Files.App/Views/Settings/AdvancedPage.xaml,99951c66928c4da714da8b1dd46039421182cbab,V,awaiting-individual-review,https://github.com/files-community/Files/blob/99951c66928c4da714da8b1dd46039421182cbab/src/Files.App/Views/Settings/AdvancedPage.xaml
AppearancePage,view-source,src/Files.App/Views/Settings/AppearancePage.xaml,99951c66928c4da714da8b1dd46039421182cbab,V,awaiting-individual-review,https://github.com/files-community/Files/blob/99951c66928c4da714da8b1dd46039421182cbab/src/Files.App/Views/Settings/AppearancePage.xaml
DevToolsPage,view-source,src/Files.App/Views/Settings/DevToolsPage.xaml,99951c66928c4da714da8b1dd46039421182cbab,V,awaiting-individual-review,https://github.com/files-community/Files/blob/99951c66928c4da714da8b1dd46039421182cbab/src/Files.App/Views/Settings/DevToolsPage.xaml
FoldersPage,view-source,src/Files.App/Views/Settings/FoldersPage.xaml,99951c66928c4da714da8b1dd46039421182cbab,V,awaiting-individual-review,https://github.com/files-community/Files/blob/99951c66928c4da714da8b1dd46039421182cbab/src/Files.App/Views/Settings/FoldersPage.xaml
GeneralPage,view-source,src/Files.App/Views/Settings/GeneralPage.xaml,99951c66928c4da714da8b1dd46039421182cbab,V,awaiting-individual-review,https://github.com/files-community/Files/blob/99951c66928c4da714da8b1dd46039421182cbab/src/Files.App/Views/Settings/GeneralPage.xaml
LayoutPage,view-source,src/Files.App/Views/Settings/LayoutPage.xaml,99951c66928c4da714da8b1dd46039421182cbab,V,awaiting-individual-review,https://github.com/files-community/Files/blob/99951c66928c4da714da8b1dd46039421182cbab/src/Files.App/Views/Settings/LayoutPage.xaml
SettingsPage,view-source,src/Files.App/Views/Settings/SettingsPage.xaml,99951c66928c4da714da8b1dd46039421182cbab,V,awaiting-individual-review,https://github.com/files-community/Files/blob/99951c66928c4da714da8b1dd46039421182cbab/src/Files.App/Views/Settings/SettingsPage.xaml
TagsPage,view-source,src/Files.App/Views/Settings/TagsPage.xaml,99951c66928c4da714da8b1dd46039421182cbab,V,awaiting-individual-review,https://github.com/files-community/Files/blob/99951c66928c4da714da8b1dd46039421182cbab/src/Files.App/Views/Settings/TagsPage.xaml
ToolbarCustomizationPage,view-source,src/Files.App/Views/Settings/ToolbarCustomizationPage.xaml,99951c66928c4da714da8b1dd46039421182cbab,V,awaiting-individual-review,https://github.com/files-community/Files/blob/99951c66928c4da714da8b1dd46039421182cbab/src/Files.App/Views/Settings/ToolbarCustomizationPage.xaml
ShellPanesPage,view-source,src/Files.App/Views/ShellPanesPage.xaml,99951c66928c4da714da8b1dd46039421182cbab,V,awaiting-individual-review,https://github.com/files-community/Files/blob/99951c66928c4da714da8b1dd46039421182cbab/src/Files.App/Views/ShellPanesPage.xaml
ColumnShellPage,view-source,src/Files.App/Views/Shells/ColumnShellPage.xaml,99951c66928c4da714da8b1dd46039421182cbab,V,awaiting-individual-review,https://github.com/files-community/Files/blob/99951c66928c4da714da8b1dd46039421182cbab/src/Files.App/Views/Shells/ColumnShellPage.xaml
ModernShellPage,view-source,src/Files.App/Views/Shells/ModernShellPage.xaml,99951c66928c4da714da8b1dd46039421182cbab,V,awaiting-individual-review,https://github.com/files-community/Files/blob/99951c66928c4da714da8b1dd46039421182cbab/src/Files.App/Views/Shells/ModernShellPage.xaml
SplashScreenPage,view-source,src/Files.App/Views/SplashScreenPage.xaml,99951c66928c4da714da8b1dd46039421182cbab,V,awaiting-individual-review,https://github.com/files-community/Files/blob/99951c66928c4da714da8b1dd46039421182cbab/src/Files.App/Views/SplashScreenPage.xaml
