source_key,type,default_expression,source_path,source_sha,line,classification,status,evidence
ShowStatusCenterTeachingTip,bool,true,src/Files.App/Services/Settings/AppSettingsService.cs,99951c66928c4da714da8b1dd46039421182cbab,14,V,awaiting-behavior-review,https://github.com/files-community/Files/blob/99951c66928c4da714da8b1dd46039421182cbab/src/Files.App/Services/Settings/AppSettingsService.cs#L14
ShowBackgroundRunningNotification,bool,true,src/Files.App/Services/Settings/AppSettingsService.cs,99951c66928c4da714da8b1dd46039421182cbab,20,V,awaiting-behavior-review,https://github.com/files-community/Files/blob/99951c66928c4da714da8b1dd46039421182cbab/src/Files.App/Services/Settings/AppSettingsService.cs#L20
RestoreTabsOnStartup,bool,false,src/Files.App/Services/Settings/AppSettingsService.cs,99951c66928c4da714da8b1dd46039421182cbab,26,V,awaiting-behavior-review,https://github.com/files-community/Files/blob/99951c66928c4da714da8b1dd46039421182cbab/src/Files.App/Services/Settings/AppSettingsService.cs#L26
SidebarWidth,double,"Math.Min(Math.Max(Get(255d), Constants.UI.MinimumSidebarWidth), 500d)",src/Files.App/Services/Settings/AppearanceSettingsService.cs,99951c66928c4da714da8b1dd46039421182cbab,17,V,awaiting-behavior-review,https://github.com/files-community/Files/blob/99951c66928c4da714da8b1dd46039421182cbab/src/Files.App/Services/Settings/AppearanceSettingsService.cs#L17
IsSidebarOpen,bool,true,src/Files.App/Services/Settings/AppearanceSettingsService.cs,99951c66928c4da714da8b1dd46039421182cbab,23,V,awaiting-behavior-review,https://github.com/files-community/Files/blob/99951c66928c4da714da8b1dd46039421182cbab/src/Files.App/Services/Settings/AppearanceSettingsService.cs#L23
AppThemeMode,string,"""Default""",src/Files.App/Services/Settings/AppearanceSettingsService.cs,99951c66928c4da714da8b1dd46039421182cbab,30,V,awaiting-behavior-review,https://github.com/files-community/Files/blob/99951c66928c4da714da8b1dd46039421182cbab/src/Files.App/Services/Settings/AppearanceSettingsService.cs#L30
AppThemeBackgroundColor,String,"""#00000000""",src/Files.App/Services/Settings/AppearanceSettingsService.cs,99951c66928c4da714da8b1dd46039421182cbab,37,V,awaiting-behavior-review,https://github.com/files-community/Files/blob/99951c66928c4da714da8b1dd46039421182cbab/src/Files.App/Services/Settings/AppearanceSettingsService.cs#L37
AppThemeAddressBarBackgroundColor,String,"""""",src/Files.App/Services/Settings/AppearanceSettingsService.cs,99951c66928c4da714da8b1dd46039421182cbab,44,V,awaiting-behavior-review,https://github.com/files-community/Files/blob/99951c66928c4da714da8b1dd46039421182cbab/src/Files.App/Services/Settings/AppearanceSettingsService.cs#L44
AppThemeToolbarBackgroundColor,String,"""""",src/Files.App/Services/Settings/AppearanceSettingsService.cs,99951c66928c4da714da8b1dd46039421182cbab,51,V,awaiting-behavior-review,https://github.com/files-community/Files/blob/99951c66928c4da714da8b1dd46039421182cbab/src/Files.App/Services/Settings/AppearanceSettingsService.cs#L51
AppThemeSidebarBackgroundColor,String,"""""",src/Files.App/Services/Settings/AppearanceSettingsService.cs,99951c66928c4da714da8b1dd46039421182cbab,58,V,awaiting-behavior-review,https://github.com/files-community/Files/blob/99951c66928c4da714da8b1dd46039421182cbab/src/Files.App/Services/Settings/AppearanceSettingsService.cs#L58
AppThemeFileAreaBackgroundColor,String,"""""",src/Files.App/Services/Settings/AppearanceSettingsService.cs,99951c66928c4da714da8b1dd46039421182cbab,65,V,awaiting-behavior-review,https://github.com/files-community/Files/blob/99951c66928c4da714da8b1dd46039421182cbab/src/Files.App/Services/Settings/AppearanceSettingsService.cs#L65
AppThemeFileAreaSecondaryBackgroundColor,String,"""""",src/Files.App/Services/Settings/AppearanceSettingsService.cs,99951c66928c4da714da8b1dd46039421182cbab,72,V,awaiting-behavior-review,https://github.com/files-community/Files/blob/99951c66928c4da714da8b1dd46039421182cbab/src/Files.App/Services/Settings/AppearanceSettingsService.cs#L72
AppThemeInfoPaneBackgroundColor,String,"""""",src/Files.App/Services/Settings/AppearanceSettingsService.cs,99951c66928c4da714da8b1dd46039421182cbab,79,V,awaiting-behavior-review,https://github.com/files-community/Files/blob/99951c66928c4da714da8b1dd46039421182cbab/src/Files.App/Services/Settings/AppearanceSettingsService.cs#L79
AppThemeFontFamily,String,Constants.Appearance.StandardFont,src/Files.App/Services/Settings/AppearanceSettingsService.cs,99951c66928c4da714da8b1dd46039421182cbab,86,V,awaiting-behavior-review,https://github.com/files-community/Files/blob/99951c66928c4da714da8b1dd46039421182cbab/src/Files.App/Services/Settings/AppearanceSettingsService.cs#L86
AppThemeBackdropMaterial,BackdropMaterialType,BackdropMaterialType.MicaAlt,src/Files.App/Services/Settings/AppearanceSettingsService.cs,99951c66928c4da714da8b1dd46039421182cbab,93,V,awaiting-behavior-review,https://github.com/files-community/Files/blob/99951c66928c4da714da8b1dd46039421182cbab/src/Files.App/Services/Settings/AppearanceSettingsService.cs#L93
AppThemeBackgroundImageSource,string,"""""",src/Files.App/Services/Settings/AppearanceSettingsService.cs,99951c66928c4da714da8b1dd46039421182cbab,100,V,awaiting-behavior-review,https://github.com/files-community/Files/blob/99951c66928c4da714da8b1dd46039421182cbab/src/Files.App/Services/Settings/AppearanceSettingsService.cs#L100
AppThemeBackgroundImageFit,Stretch,Stretch.UniformToFill,src/Files.App/Services/Settings/AppearanceSettingsService.cs,99951c66928c4da714da8b1dd46039421182cbab,107,V,awaiting-behavior-review,https://github.com/files-community/Files/blob/99951c66928c4da714da8b1dd46039421182cbab/src/Files.App/Services/Settings/AppearanceSettingsService.cs#L107
AppThemeBackgroundImageOpacity,float,1f,src/Files.App/Services/Settings/AppearanceSettingsService.cs,99951c66928c4da714da8b1dd46039421182cbab,114,V,awaiting-behavior-review,https://github.com/files-community/Files/blob/99951c66928c4da714da8b1dd46039421182cbab/src/Files.App/Services/Settings/AppearanceSettingsService.cs#L114
AppThemeBackgroundImageVerticalAlignment,VerticalAlignment,VerticalAlignment.Center,src/Files.App/Services/Settings/AppearanceSettingsService.cs,99951c66928c4da714da8b1dd46039421182cbab,121,V,awaiting-behavior-review,https://github.com/files-community/Files/blob/99951c66928c4da714da8b1dd46039421182cbab/src/Files.App/Services/Settings/AppearanceSettingsService.cs#L121
AppThemeBackgroundImageHorizontalAlignment,HorizontalAlignment,HorizontalAlignment.Center,src/Files.App/Services/Settings/AppearanceSettingsService.cs,99951c66928c4da714da8b1dd46039421182cbab,128,V,awaiting-behavior-review,https://github.com/files-community/Files/blob/99951c66928c4da714da8b1dd46039421182cbab/src/Files.App/Services/Settings/AppearanceSettingsService.cs#L128
ShowToolbar,bool,true,src/Files.App/Services/Settings/AppearanceSettingsService.cs,99951c66928c4da714da8b1dd46039421182cbab,135,V,awaiting-behavior-review,https://github.com/files-community/Files/blob/99951c66928c4da714da8b1dd46039421182cbab/src/Files.App/Services/Settings/AppearanceSettingsService.cs#L135
ShowStatusBar,bool,true,src/Files.App/Services/Settings/AppearanceSettingsService.cs,99951c66928c4da714da8b1dd46039421182cbab,142,V,awaiting-behavior-review,https://github.com/files-community/Files/blob/99951c66928c4da714da8b1dd46039421182cbab/src/Files.App/Services/Settings/AppearanceSettingsService.cs#L142
ShowTabActions,bool,true,src/Files.App/Services/Settings/AppearanceSettingsService.cs,99951c66928c4da714da8b1dd46039421182cbab,149,V,awaiting-behavior-review,https://github.com/files-community/Files/blob/99951c66928c4da714da8b1dd46039421182cbab/src/Files.App/Services/Settings/AppearanceSettingsService.cs#L149
ShowShelfPaneToggleButton,bool,false,src/Files.App/Services/Settings/AppearanceSettingsService.cs,99951c66928c4da714da8b1dd46039421182cbab,156,V,awaiting-behavior-review,https://github.com/files-community/Files/blob/99951c66928c4da714da8b1dd46039421182cbab/src/Files.App/Services/Settings/AppearanceSettingsService.cs#L156
StatusCenterVisibility,StatusCenterVisibility,StatusCenterVisibility.Always,src/Files.App/Services/Settings/AppearanceSettingsService.cs,99951c66928c4da714da8b1dd46039421182cbab,163,V,awaiting-behavior-review,https://github.com/files-community/Files/blob/99951c66928c4da714da8b1dd46039421182cbab/src/Files.App/Services/Settings/AppearanceSettingsService.cs#L163
HasClickedReviewPrompt,bool,false,src/Files.App/Services/Settings/ApplicationSettingsService.cs,99951c66928c4da714da8b1dd46039421182cbab,8,V,awaiting-behavior-review,https://github.com/files-community/Files/blob/99951c66928c4da714da8b1dd46039421182cbab/src/Files.App/Services/Settings/ApplicationSettingsService.cs#L8
HasClickedSponsorPrompt,bool,false,src/Files.App/Services/Settings/ApplicationSettingsService.cs,99951c66928c4da714da8b1dd46039421182cbab,14,V,awaiting-behavior-review,https://github.com/files-community/Files/blob/99951c66928c4da714da8b1dd46039421182cbab/src/Files.App/Services/Settings/ApplicationSettingsService.cs#L14
ShowRunningAsAdminPrompt,bool,true,src/Files.App/Services/Settings/ApplicationSettingsService.cs,99951c66928c4da714da8b1dd46039421182cbab,20,V,awaiting-behavior-review,https://github.com/files-community/Files/blob/99951c66928c4da714da8b1dd46039421182cbab/src/Files.App/Services/Settings/ApplicationSettingsService.cs#L20
ShowDataStreamsAreHiddenPrompt,bool,true,src/Files.App/Services/Settings/ApplicationSettingsService.cs,99951c66928c4da714da8b1dd46039421182cbab,26,V,awaiting-behavior-review,https://github.com/files-community/Files/blob/99951c66928c4da714da8b1dd46039421182cbab/src/Files.App/Services/Settings/ApplicationSettingsService.cs#L26
OpenInIDEOption,OpenInIDEOption,OpenInIDEOption.GitRepos,src/Files.App/Services/Settings/DevToolsSettingsService.cs,99951c66928c4da714da8b1dd46039421182cbab,15,V,awaiting-behavior-review,https://github.com/files-community/Files/blob/99951c66928c4da714da8b1dd46039421182cbab/src/Files.App/Services/Settings/DevToolsSettingsService.cs#L15
ShowHiddenItems,bool,false,src/Files.App/Services/Settings/FoldersSettingsService.cs,99951c66928c4da714da8b1dd46039421182cbab,53,V,awaiting-behavior-review,https://github.com/files-community/Files/blob/99951c66928c4da714da8b1dd46039421182cbab/src/Files.App/Services/Settings/FoldersSettingsService.cs#L53
ShowProtectedSystemFiles,bool,false,src/Files.App/Services/Settings/FoldersSettingsService.cs,99951c66928c4da714da8b1dd46039421182cbab,59,V,awaiting-behavior-review,https://github.com/files-community/Files/blob/99951c66928c4da714da8b1dd46039421182cbab/src/Files.App/Services/Settings/FoldersSettingsService.cs#L59
AreAlternateStreamsVisible,bool,false,src/Files.App/Services/Settings/FoldersSettingsService.cs,99951c66928c4da714da8b1dd46039421182cbab,65,V,awaiting-behavior-review,https://github.com/files-community/Files/blob/99951c66928c4da714da8b1dd46039421182cbab/src/Files.App/Services/Settings/FoldersSettingsService.cs#L65
ShowDotFiles,bool,true,src/Files.App/Services/Settings/FoldersSettingsService.cs,99951c66928c4da714da8b1dd46039421182cbab,71,V,awaiting-behavior-review,https://github.com/files-community/Files/blob/99951c66928c4da714da8b1dd46039421182cbab/src/Files.App/Services/Settings/FoldersSettingsService.cs#L71
OpenFilesWithSingleClick,SingleClickOpenMode,SingleClickOpenMode.OnlyForTouch,src/Files.App/Services/Settings/FoldersSettingsService.cs,99951c66928c4da714da8b1dd46039421182cbab,78,V,awaiting-behavior-review,https://github.com/files-community/Files/blob/99951c66928c4da714da8b1dd46039421182cbab/src/Files.App/Services/Settings/FoldersSettingsService.cs#L78
OpenFoldersWithSingleClick,SingleClickOpenMode,SingleClickOpenMode.OnlyForTouch,src/Files.App/Services/Settings/FoldersSettingsService.cs,99951c66928c4da714da8b1dd46039421182cbab,85,V,awaiting-behavior-review,https://github.com/files-community/Files/blob/99951c66928c4da714da8b1dd46039421182cbab/src/Files.App/Services/Settings/FoldersSettingsService.cs#L85
OpenFoldersInColumnsViewWithSingleClick,SingleClickOpenMode,SingleClickOpenMode.Always,src/Files.App/Services/Settings/FoldersSettingsService.cs,99951c66928c4da714da8b1dd46039421182cbab,92,V,awaiting-behavior-review,https://github.com/files-community/Files/blob/99951c66928c4da714da8b1dd46039421182cbab/src/Files.App/Services/Settings/FoldersSettingsService.cs#L92
OpenFoldersInNewTab,bool,false,src/Files.App/Services/Settings/FoldersSettingsService.cs,99951c66928c4da714da8b1dd46039421182cbab,98,V,awaiting-behavior-review,https://github.com/files-community/Files/blob/99951c66928c4da714da8b1dd46039421182cbab/src/Files.App/Services/Settings/FoldersSettingsService.cs#L98
ScrollToPreviousFolderWhenNavigatingUp,bool,true,src/Files.App/Services/Settings/FoldersSettingsService.cs,99951c66928c4da714da8b1dd46039421182cbab,104,V,awaiting-behavior-review,https://github.com/files-community/Files/blob/99951c66928c4da714da8b1dd46039421182cbab/src/Files.App/Services/Settings/FoldersSettingsService.cs#L104
CalculateFolderSizes,bool,false,src/Files.App/Services/Settings/FoldersSettingsService.cs,99951c66928c4da714da8b1dd46039421182cbab,110,V,awaiting-behavior-review,https://github.com/files-community/Files/blob/99951c66928c4da714da8b1dd46039421182cbab/src/Files.App/Services/Settings/FoldersSettingsService.cs#L110
ShowFileExtensions,bool,true,src/Files.App/Services/Settings/FoldersSettingsService.cs,99951c66928c4da714da8b1dd46039421182cbab,116,V,awaiting-behavior-review,https://github.com/files-community/Files/blob/99951c66928c4da714da8b1dd46039421182cbab/src/Files.App/Services/Settings/FoldersSettingsService.cs#L116
ShowThumbnails,bool,true,src/Files.App/Services/Settings/FoldersSettingsService.cs,99951c66928c4da714da8b1dd46039421182cbab,122,V,awaiting-behavior-review,https://github.com/files-community/Files/blob/99951c66928c4da714da8b1dd46039421182cbab/src/Files.App/Services/Settings/FoldersSettingsService.cs#L122
SelectFilesOnHover,bool,false,src/Files.App/Services/Settings/FoldersSettingsService.cs,99951c66928c4da714da8b1dd46039421182cbab,134,V,awaiting-behavior-review,https://github.com/files-community/Files/blob/99951c66928c4da714da8b1dd46039421182cbab/src/Files.App/Services/Settings/FoldersSettingsService.cs#L134
DoubleClickToGoUp,bool,true,src/Files.App/Services/Settings/FoldersSettingsService.cs,99951c66928c4da714da8b1dd46039421182cbab,140,V,awaiting-behavior-review,https://github.com/files-community/Files/blob/99951c66928c4da714da8b1dd46039421182cbab/src/Files.App/Services/Settings/FoldersSettingsService.cs#L140
ShowFileExtensionWarning,bool,true,src/Files.App/Services/Settings/FoldersSettingsService.cs,99951c66928c4da714da8b1dd46039421182cbab,146,V,awaiting-behavior-review,https://github.com/files-community/Files/blob/99951c66928c4da714da8b1dd46039421182cbab/src/Files.App/Services/Settings/FoldersSettingsService.cs#L146
ShowCheckboxesWhenSelectingItems,bool,true,src/Files.App/Services/Settings/FoldersSettingsService.cs,99951c66928c4da714da8b1dd46039421182cbab,152,V,awaiting-behavior-review,https://github.com/files-community/Files/blob/99951c66928c4da714da8b1dd46039421182cbab/src/Files.App/Services/Settings/FoldersSettingsService.cs#L152
SizeUnitFormat,SizeUnitTypes,SizeUnitTypes.BinaryUnits,src/Files.App/Services/Settings/FoldersSettingsService.cs,99951c66928c4da714da8b1dd46039421182cbab,159,V,awaiting-behavior-review,https://github.com/files-community/Files/blob/99951c66928c4da714da8b1dd46039421182cbab/src/Files.App/Services/Settings/FoldersSettingsService.cs#L159
OpenSpecificPageOnStartup,bool,false,src/Files.App/Services/Settings/GeneralSettingsService.cs,99951c66928c4da714da8b1dd46039421182cbab,14,V,awaiting-behavior-review,https://github.com/files-community/Files/blob/99951c66928c4da714da8b1dd46039421182cbab/src/Files.App/Services/Settings/GeneralSettingsService.cs#L14
OpenSpecificPageOnStartupPath,string,string.Empty,src/Files.App/Services/Settings/GeneralSettingsService.cs,99951c66928c4da714da8b1dd46039421182cbab,20,V,awaiting-behavior-review,https://github.com/files-community/Files/blob/99951c66928c4da714da8b1dd46039421182cbab/src/Files.App/Services/Settings/GeneralSettingsService.cs#L20
ContinueLastSessionOnStartUp,bool,true,src/Files.App/Services/Settings/GeneralSettingsService.cs,99951c66928c4da714da8b1dd46039421182cbab,26,V,awaiting-behavior-review,https://github.com/files-community/Files/blob/99951c66928c4da714da8b1dd46039421182cbab/src/Files.App/Services/Settings/GeneralSettingsService.cs#L26
OpenNewTabOnStartup,bool,false,src/Files.App/Services/Settings/GeneralSettingsService.cs,99951c66928c4da714da8b1dd46039421182cbab,32,V,awaiting-behavior-review,https://github.com/files-community/Files/blob/99951c66928c4da714da8b1dd46039421182cbab/src/Files.App/Services/Settings/GeneralSettingsService.cs#L32
OpenTabInExistingInstance,bool,true,src/Files.App/Services/Settings/GeneralSettingsService.cs,99951c66928c4da714da8b1dd46039421182cbab,38,V,awaiting-behavior-review,https://github.com/files-community/Files/blob/99951c66928c4da714da8b1dd46039421182cbab/src/Files.App/Services/Settings/GeneralSettingsService.cs#L38
LastSessionSelectedTabIndex,int,-1,src/Files.App/Services/Settings/GeneralSettingsService.cs,99951c66928c4da714da8b1dd46039421182cbab,56,V,awaiting-behavior-review,https://github.com/files-community/Files/blob/99951c66928c4da714da8b1dd46039421182cbab/src/Files.App/Services/Settings/GeneralSettingsService.cs#L56
DateTimeFormat,DateTimeFormats,DateTimeFormats.Application,src/Files.App/Services/Settings/GeneralSettingsService.cs,99951c66928c4da714da8b1dd46039421182cbab,86,V,awaiting-behavior-review,https://github.com/files-community/Files/blob/99951c66928c4da714da8b1dd46039421182cbab/src/Files.App/Services/Settings/GeneralSettingsService.cs#L86
AlwaysOpenDualPaneInNewTab,bool,false,src/Files.App/Services/Settings/GeneralSettingsService.cs,99951c66928c4da714da8b1dd46039421182cbab,92,V,awaiting-behavior-review,https://github.com/files-community/Files/blob/99951c66928c4da714da8b1dd46039421182cbab/src/Files.App/Services/Settings/GeneralSettingsService.cs#L92
AlwaysSwitchToNewlyOpenedTab,bool,false,src/Files.App/Services/Settings/GeneralSettingsService.cs,99951c66928c4da714da8b1dd46039421182cbab,98,V,awaiting-behavior-review,https://github.com/files-community/Files/blob/99951c66928c4da714da8b1dd46039421182cbab/src/Files.App/Services/Settings/GeneralSettingsService.cs#L98
ReverseTabScrollDirection,bool,false,src/Files.App/Services/Settings/GeneralSettingsService.cs,99951c66928c4da714da8b1dd46039421182cbab,104,V,awaiting-behavior-review,https://github.com/files-community/Files/blob/99951c66928c4da714da8b1dd46039421182cbab/src/Files.App/Services/Settings/GeneralSettingsService.cs#L104
ShowQuickAccessWidget,bool,true,src/Files.App/Services/Settings/GeneralSettingsService.cs,99951c66928c4da714da8b1dd46039421182cbab,110,V,awaiting-behavior-review,https://github.com/files-community/Files/blob/99951c66928c4da714da8b1dd46039421182cbab/src/Files.App/Services/Settings/GeneralSettingsService.cs#L110
ShowRecentFilesWidget,bool,true,src/Files.App/Services/Settings/GeneralSettingsService.cs,99951c66928c4da714da8b1dd46039421182cbab,116,V,awaiting-behavior-review,https://github.com/files-community/Files/blob/99951c66928c4da714da8b1dd46039421182cbab/src/Files.App/Services/Settings/GeneralSettingsService.cs#L116
ShowDrivesWidget,bool,true,src/Files.App/Services/Settings/GeneralSettingsService.cs,99951c66928c4da714da8b1dd46039421182cbab,122,V,awaiting-behavior-review,https://github.com/files-community/Files/blob/99951c66928c4da714da8b1dd46039421182cbab/src/Files.App/Services/Settings/GeneralSettingsService.cs#L122
ShowNetworkLocationsWidget,bool,true,src/Files.App/Services/Settings/GeneralSettingsService.cs,99951c66928c4da714da8b1dd46039421182cbab,128,V,awaiting-behavior-review,https://github.com/files-community/Files/blob/99951c66928c4da714da8b1dd46039421182cbab/src/Files.App/Services/Settings/GeneralSettingsService.cs#L128
ShowFileTagsWidget,bool,false,src/Files.App/Services/Settings/GeneralSettingsService.cs,99951c66928c4da714da8b1dd46039421182cbab,134,V,awaiting-behavior-review,https://github.com/files-community/Files/blob/99951c66928c4da714da8b1dd46039421182cbab/src/Files.App/Services/Settings/GeneralSettingsService.cs#L134
FoldersWidgetExpanded,bool,true,src/Files.App/Services/Settings/GeneralSettingsService.cs,99951c66928c4da714da8b1dd46039421182cbab,140,V,awaiting-behavior-review,https://github.com/files-community/Files/blob/99951c66928c4da714da8b1dd46039421182cbab/src/Files.App/Services/Settings/GeneralSettingsService.cs#L140
RecentFilesWidgetExpanded,bool,true,src/Files.App/Services/Settings/GeneralSettingsService.cs,99951c66928c4da714da8b1dd46039421182cbab,146,V,awaiting-behavior-review,https://github.com/files-community/Files/blob/99951c66928c4da714da8b1dd46039421182cbab/src/Files.App/Services/Settings/GeneralSettingsService.cs#L146
DrivesWidgetExpanded,bool,true,src/Files.App/Services/Settings/GeneralSettingsService.cs,99951c66928c4da714da8b1dd46039421182cbab,152,V,awaiting-behavior-review,https://github.com/files-community/Files/blob/99951c66928c4da714da8b1dd46039421182cbab/src/Files.App/Services/Settings/GeneralSettingsService.cs#L152
NetworkLocationsWidgetExpanded,bool,false,src/Files.App/Services/Settings/GeneralSettingsService.cs,99951c66928c4da714da8b1dd46039421182cbab,158,V,awaiting-behavior-review,https://github.com/files-community/Files/blob/99951c66928c4da714da8b1dd46039421182cbab/src/Files.App/Services/Settings/GeneralSettingsService.cs#L158
FileTagsWidgetExpanded,bool,true,src/Files.App/Services/Settings/GeneralSettingsService.cs,99951c66928c4da714da8b1dd46039421182cbab,164,V,awaiting-behavior-review,https://github.com/files-community/Files/blob/99951c66928c4da714da8b1dd46039421182cbab/src/Files.App/Services/Settings/GeneralSettingsService.cs#L164
ShowPinnedSection,bool,true,src/Files.App/Services/Settings/GeneralSettingsService.cs,99951c66928c4da714da8b1dd46039421182cbab,170,V,awaiting-behavior-review,https://github.com/files-community/Files/blob/99951c66928c4da714da8b1dd46039421182cbab/src/Files.App/Services/Settings/GeneralSettingsService.cs#L170
ShowLibrarySection,bool,false,src/Files.App/Services/Settings/GeneralSettingsService.cs,99951c66928c4da714da8b1dd46039421182cbab,176,V,awaiting-behavior-review,https://github.com/files-community/Files/blob/99951c66928c4da714da8b1dd46039421182cbab/src/Files.App/Services/Settings/GeneralSettingsService.cs#L176
ShowDrivesSection,bool,true,src/Files.App/Services/Settings/GeneralSettingsService.cs,99951c66928c4da714da8b1dd46039421182cbab,182,V,awaiting-behavior-review,https://github.com/files-community/Files/blob/99951c66928c4da714da8b1dd46039421182cbab/src/Files.App/Services/Settings/GeneralSettingsService.cs#L182
ShowCloudDrivesSection,bool,true,src/Files.App/Services/Settings/GeneralSettingsService.cs,99951c66928c4da714da8b1dd46039421182cbab,188,V,awaiting-behavior-review,https://github.com/files-community/Files/blob/99951c66928c4da714da8b1dd46039421182cbab/src/Files.App/Services/Settings/GeneralSettingsService.cs#L188
ShowNetworkSection,bool,true,src/Files.App/Services/Settings/GeneralSettingsService.cs,99951c66928c4da714da8b1dd46039421182cbab,194,V,awaiting-behavior-review,https://github.com/files-community/Files/blob/99951c66928c4da714da8b1dd46039421182cbab/src/Files.App/Services/Settings/GeneralSettingsService.cs#L194
ShowWslSection,bool,true,src/Files.App/Services/Settings/GeneralSettingsService.cs,99951c66928c4da714da8b1dd46039421182cbab,200,V,awaiting-behavior-review,https://github.com/files-community/Files/blob/99951c66928c4da714da8b1dd46039421182cbab/src/Files.App/Services/Settings/GeneralSettingsService.cs#L200
ShowFileTagsSection,bool,true,src/Files.App/Services/Settings/GeneralSettingsService.cs,99951c66928c4da714da8b1dd46039421182cbab,206,V,awaiting-behavior-review,https://github.com/files-community/Files/blob/99951c66928c4da714da8b1dd46039421182cbab/src/Files.App/Services/Settings/GeneralSettingsService.cs#L206
IsPinnedSectionExpanded,bool,true,src/Files.App/Services/Settings/GeneralSettingsService.cs,99951c66928c4da714da8b1dd46039421182cbab,212,V,awaiting-behavior-review,https://github.com/files-community/Files/blob/99951c66928c4da714da8b1dd46039421182cbab/src/Files.App/Services/Settings/GeneralSettingsService.cs#L212
IsLibrarySectionExpanded,bool,false,src/Files.App/Services/Settings/GeneralSettingsService.cs,99951c66928c4da714da8b1dd46039421182cbab,218,V,awaiting-behavior-review,https://github.com/files-community/Files/blob/99951c66928c4da714da8b1dd46039421182cbab/src/Files.App/Services/Settings/GeneralSettingsService.cs#L218
IsDriveSectionExpanded,bool,true,src/Files.App/Services/Settings/GeneralSettingsService.cs,99951c66928c4da714da8b1dd46039421182cbab,224,V,awaiting-behavior-review,https://github.com/files-community/Files/blob/99951c66928c4da714da8b1dd46039421182cbab/src/Files.App/Services/Settings/GeneralSettingsService.cs#L224
IsCloudDriveSectionExpanded,bool,true,src/Files.App/Services/Settings/GeneralSettingsService.cs,99951c66928c4da714da8b1dd46039421182cbab,230,V,awaiting-behavior-review,https://github.com/files-community/Files/blob/99951c66928c4da714da8b1dd46039421182cbab/src/Files.App/Services/Settings/GeneralSettingsService.cs#L230
IsNetworkSectionExpanded,bool,false,src/Files.App/Services/Settings/GeneralSettingsService.cs,99951c66928c4da714da8b1dd46039421182cbab,236,V,awaiting-behavior-review,https://github.com/files-community/Files/blob/99951c66928c4da714da8b1dd46039421182cbab/src/Files.App/Services/Settings/GeneralSettingsService.cs#L236
IsWslSectionExpanded,bool,false,src/Files.App/Services/Settings/GeneralSettingsService.cs,99951c66928c4da714da8b1dd46039421182cbab,242,V,awaiting-behavior-review,https://github.com/files-community/Files/blob/99951c66928c4da714da8b1dd46039421182cbab/src/Files.App/Services/Settings/GeneralSettingsService.cs#L242
IsFileTagsSectionExpanded,bool,false,src/Files.App/Services/Settings/GeneralSettingsService.cs,99951c66928c4da714da8b1dd46039421182cbab,248,V,awaiting-behavior-review,https://github.com/files-community/Files/blob/99951c66928c4da714da8b1dd46039421182cbab/src/Files.App/Services/Settings/GeneralSettingsService.cs#L248
MoveShellExtensionsToSubMenu,bool,true,src/Files.App/Services/Settings/GeneralSettingsService.cs,99951c66928c4da714da8b1dd46039421182cbab,254,V,awaiting-behavior-review,https://github.com/files-community/Files/blob/99951c66928c4da714da8b1dd46039421182cbab/src/Files.App/Services/Settings/GeneralSettingsService.cs#L254
ShowPinToSideBar,bool,true,src/Files.App/Services/Settings/GeneralSettingsService.cs,99951c66928c4da714da8b1dd46039421182cbab,260,V,awaiting-behavior-review,https://github.com/files-community/Files/blob/99951c66928c4da714da8b1dd46039421182cbab/src/Files.App/Services/Settings/GeneralSettingsService.cs#L260
ShowPinToStart,bool,true,src/Files.App/Services/Settings/GeneralSettingsService.cs,99951c66928c4da714da8b1dd46039421182cbab,266,V,awaiting-behavior-review,https://github.com/files-community/Files/blob/99951c66928c4da714da8b1dd46039421182cbab/src/Files.App/Services/Settings/GeneralSettingsService.cs#L266
ShowEditTagsMenu,bool,true,src/Files.App/Services/Settings/GeneralSettingsService.cs,99951c66928c4da714da8b1dd46039421182cbab,272,V,awaiting-behavior-review,https://github.com/files-community/Files/blob/99951c66928c4da714da8b1dd46039421182cbab/src/Files.App/Services/Settings/GeneralSettingsService.cs#L272
ShowCompressionOptions,bool,true,src/Files.App/Services/Settings/GeneralSettingsService.cs,99951c66928c4da714da8b1dd46039421182cbab,278,V,awaiting-behavior-review,https://github.com/files-community/Files/blob/99951c66928c4da714da8b1dd46039421182cbab/src/Files.App/Services/Settings/GeneralSettingsService.cs#L278
ShowFlattenOptions,bool,false,src/Files.App/Services/Settings/GeneralSettingsService.cs,99951c66928c4da714da8b1dd46039421182cbab,284,V,awaiting-behavior-review,https://github.com/files-community/Files/blob/99951c66928c4da714da8b1dd46039421182cbab/src/Files.App/Services/Settings/GeneralSettingsService.cs#L284
ShowSendToMenu,bool,true,src/Files.App/Services/Settings/GeneralSettingsService.cs,99951c66928c4da714da8b1dd46039421182cbab,290,V,awaiting-behavior-review,https://github.com/files-community/Files/blob/99951c66928c4da714da8b1dd46039421182cbab/src/Files.App/Services/Settings/GeneralSettingsService.cs#L290
ShowOpenInNewTab,bool,true,src/Files.App/Services/Settings/GeneralSettingsService.cs,99951c66928c4da714da8b1dd46039421182cbab,296,V,awaiting-behavior-review,https://github.com/files-community/Files/blob/99951c66928c4da714da8b1dd46039421182cbab/src/Files.App/Services/Settings/GeneralSettingsService.cs#L296
ShowOpenInNewWindow,bool,true,src/Files.App/Services/Settings/GeneralSettingsService.cs,99951c66928c4da714da8b1dd46039421182cbab,302,V,awaiting-behavior-review,https://github.com/files-community/Files/blob/99951c66928c4da714da8b1dd46039421182cbab/src/Files.App/Services/Settings/GeneralSettingsService.cs#L302
ShowOpenInNewPane,bool,true,src/Files.App/Services/Settings/GeneralSettingsService.cs,99951c66928c4da714da8b1dd46039421182cbab,308,V,awaiting-behavior-review,https://github.com/files-community/Files/blob/99951c66928c4da714da8b1dd46039421182cbab/src/Files.App/Services/Settings/GeneralSettingsService.cs#L308
ShowOpenTerminal,bool,true,src/Files.App/Services/Settings/GeneralSettingsService.cs,99951c66928c4da714da8b1dd46039421182cbab,314,V,awaiting-behavior-review,https://github.com/files-community/Files/blob/99951c66928c4da714da8b1dd46039421182cbab/src/Files.App/Services/Settings/GeneralSettingsService.cs#L314
ShowCopyPath,bool,true,src/Files.App/Services/Settings/GeneralSettingsService.cs,99951c66928c4da714da8b1dd46039421182cbab,320,V,awaiting-behavior-review,https://github.com/files-community/Files/blob/99951c66928c4da714da8b1dd46039421182cbab/src/Files.App/Services/Settings/GeneralSettingsService.cs#L320
ShowCreateFolderWithSelection,bool,true,src/Files.App/Services/Settings/GeneralSettingsService.cs,99951c66928c4da714da8b1dd46039421182cbab,326,V,awaiting-behavior-review,https://github.com/files-community/Files/blob/99951c66928c4da714da8b1dd46039421182cbab/src/Files.App/Services/Settings/GeneralSettingsService.cs#L326
ShowCreateAlternateDataStream,bool,false,src/Files.App/Services/Settings/GeneralSettingsService.cs,99951c66928c4da714da8b1dd46039421182cbab,332,V,awaiting-behavior-review,https://github.com/files-community/Files/blob/99951c66928c4da714da8b1dd46039421182cbab/src/Files.App/Services/Settings/GeneralSettingsService.cs#L332
ShowCreateShortcut,bool,true,src/Files.App/Services/Settings/GeneralSettingsService.cs,99951c66928c4da714da8b1dd46039421182cbab,338,V,awaiting-behavior-review,https://github.com/files-community/Files/blob/99951c66928c4da714da8b1dd46039421182cbab/src/Files.App/Services/Settings/GeneralSettingsService.cs#L338
ShowSystemTrayIcon,bool,true,src/Files.App/Services/Settings/GeneralSettingsService.cs,99951c66928c4da714da8b1dd46039421182cbab,354,V,awaiting-behavior-review,https://github.com/files-community/Files/blob/99951c66928c4da714da8b1dd46039421182cbab/src/Files.App/Services/Settings/GeneralSettingsService.cs#L354
UserId,string,Guid.NewGuid().ToString(),src/Files.App/Services/Settings/GeneralSettingsService.cs,99951c66928c4da714da8b1dd46039421182cbab,402,V,awaiting-behavior-review,https://github.com/files-community/Files/blob/99951c66928c4da714da8b1dd46039421182cbab/src/Files.App/Services/Settings/GeneralSettingsService.cs#L402
ShowShelfPane,bool,false,src/Files.App/Services/Settings/GeneralSettingsService.cs,99951c66928c4da714da8b1dd46039421182cbab,414,V,awaiting-behavior-review,https://github.com/files-community/Files/blob/99951c66928c4da714da8b1dd46039421182cbab/src/Files.App/Services/Settings/GeneralSettingsService.cs#L414
ShowFilterHeader,bool,false,src/Files.App/Services/Settings/GeneralSettingsService.cs,99951c66928c4da714da8b1dd46039421182cbab,420,V,awaiting-behavior-review,https://github.com/files-community/Files/blob/99951c66928c4da714da8b1dd46039421182cbab/src/Files.App/Services/Settings/GeneralSettingsService.cs#L420
EnableThumbnailCache,bool,true,src/Files.App/Services/Settings/GeneralSettingsService.cs,99951c66928c4da714da8b1dd46039421182cbab,426,V,awaiting-behavior-review,https://github.com/files-community/Files/blob/99951c66928c4da714da8b1dd46039421182cbab/src/Files.App/Services/Settings/GeneralSettingsService.cs#L426
EnableSmoothScrolling,bool,true,src/Files.App/Services/Settings/GeneralSettingsService.cs,99951c66928c4da714da8b1dd46039421182cbab,432,V,awaiting-behavior-review,https://github.com/files-community/Files/blob/99951c66928c4da714da8b1dd46039421182cbab/src/Files.App/Services/Settings/GeneralSettingsService.cs#L432
ThumbnailCacheSizeLimit,double,512d,src/Files.App/Services/Settings/GeneralSettingsService.cs,99951c66928c4da714da8b1dd46039421182cbab,438,V,awaiting-behavior-review,https://github.com/files-community/Files/blob/99951c66928c4da714da8b1dd46039421182cbab/src/Files.App/Services/Settings/GeneralSettingsService.cs#L438
IsInfoPaneEnabled,bool,false,src/Files.App/Services/Settings/InfoPaneSettingsService.cs,99951c66928c4da714da8b1dd46039421182cbab,8,V,awaiting-behavior-review,https://github.com/files-community/Files/blob/99951c66928c4da714da8b1dd46039421182cbab/src/Files.App/Services/Settings/InfoPaneSettingsService.cs#L8
SelectedTab,InfoPaneTabs,InfoPaneTabs.Details,src/Files.App/Services/Settings/InfoPaneSettingsService.cs,99951c66928c4da714da8b1dd46039421182cbab,32,V,awaiting-behavior-review,https://github.com/files-community/Files/blob/99951c66928c4da714da8b1dd46039421182cbab/src/Files.App/Services/Settings/InfoPaneSettingsService.cs#L32
SyncFolderPreferencesAcrossDirectories,bool,false,src/Files.App/Services/Settings/LayoutSettingsService.cs,99951c66928c4da714da8b1dd46039421182cbab,14,V,awaiting-behavior-review,https://github.com/files-community/Files/blob/99951c66928c4da714da8b1dd46039421182cbab/src/Files.App/Services/Settings/LayoutSettingsService.cs#L14
DefaultSortDirectoriesAlongsideFiles,bool,false,src/Files.App/Services/Settings/LayoutSettingsService.cs,99951c66928c4da714da8b1dd46039421182cbab,38,V,awaiting-behavior-review,https://github.com/files-community/Files/blob/99951c66928c4da714da8b1dd46039421182cbab/src/Files.App/Services/Settings/LayoutSettingsService.cs#L38
DefaultSortFilesFirst,bool,false,src/Files.App/Services/Settings/LayoutSettingsService.cs,99951c66928c4da714da8b1dd46039421182cbab,44,V,awaiting-behavior-review,https://github.com/files-community/Files/blob/99951c66928c4da714da8b1dd46039421182cbab/src/Files.App/Services/Settings/LayoutSettingsService.cs#L44
GitStatusColumnWidth,double,80d,src/Files.App/Services/Settings/LayoutSettingsService.cs,99951c66928c4da714da8b1dd46039421182cbab,68,V,awaiting-behavior-review,https://github.com/files-community/Files/blob/99951c66928c4da714da8b1dd46039421182cbab/src/Files.App/Services/Settings/LayoutSettingsService.cs#L68
GitLastCommitDateColumnWidth,double,140d,src/Files.App/Services/Settings/LayoutSettingsService.cs,99951c66928c4da714da8b1dd46039421182cbab,78,V,awaiting-behavior-review,https://github.com/files-community/Files/blob/99951c66928c4da714da8b1dd46039421182cbab/src/Files.App/Services/Settings/LayoutSettingsService.cs#L78
GitLastCommitMessageColumnWidth,double,140d,src/Files.App/Services/Settings/LayoutSettingsService.cs,99951c66928c4da714da8b1dd46039421182cbab,88,V,awaiting-behavior-review,https://github.com/files-community/Files/blob/99951c66928c4da714da8b1dd46039421182cbab/src/Files.App/Services/Settings/LayoutSettingsService.cs#L88
GitCommitAuthorColumnWidth,double,140d,src/Files.App/Services/Settings/LayoutSettingsService.cs,99951c66928c4da714da8b1dd46039421182cbab,98,V,awaiting-behavior-review,https://github.com/files-community/Files/blob/99951c66928c4da714da8b1dd46039421182cbab/src/Files.App/Services/Settings/LayoutSettingsService.cs#L98
GitLastCommitShaColumnWidth,double,80d,src/Files.App/Services/Settings/LayoutSettingsService.cs,99951c66928c4da714da8b1dd46039421182cbab,108,V,awaiting-behavior-review,https://github.com/files-community/Files/blob/99951c66928c4da714da8b1dd46039421182cbab/src/Files.App/Services/Settings/LayoutSettingsService.cs#L108
TagColumnWidth,double,140d,src/Files.App/Services/Settings/LayoutSettingsService.cs,99951c66928c4da714da8b1dd46039421182cbab,118,V,awaiting-behavior-review,https://github.com/files-community/Files/blob/99951c66928c4da714da8b1dd46039421182cbab/src/Files.App/Services/Settings/LayoutSettingsService.cs#L118
NameColumnWidth,double,240d,src/Files.App/Services/Settings/LayoutSettingsService.cs,99951c66928c4da714da8b1dd46039421182cbab,128,V,awaiting-behavior-review,https://github.com/files-community/Files/blob/99951c66928c4da714da8b1dd46039421182cbab/src/Files.App/Services/Settings/LayoutSettingsService.cs#L128
DateModifiedColumnWidth,double,200d,src/Files.App/Services/Settings/LayoutSettingsService.cs,99951c66928c4da714da8b1dd46039421182cbab,134,V,awaiting-behavior-review,https://github.com/files-community/Files/blob/99951c66928c4da714da8b1dd46039421182cbab/src/Files.App/Services/Settings/LayoutSettingsService.cs#L134
TypeColumnWidth,double,140d,src/Files.App/Services/Settings/LayoutSettingsService.cs,99951c66928c4da714da8b1dd46039421182cbab,144,V,awaiting-behavior-review,https://github.com/files-community/Files/blob/99951c66928c4da714da8b1dd46039421182cbab/src/Files.App/Services/Settings/LayoutSettingsService.cs#L144
DateCreatedColumnWidth,double,200d,src/Files.App/Services/Settings/LayoutSettingsService.cs,99951c66928c4da714da8b1dd46039421182cbab,154,V,awaiting-behavior-review,https://github.com/files-community/Files/blob/99951c66928c4da714da8b1dd46039421182cbab/src/Files.App/Services/Settings/LayoutSettingsService.cs#L154
SizeColumnWidth,double,100d,src/Files.App/Services/Settings/LayoutSettingsService.cs,99951c66928c4da714da8b1dd46039421182cbab,164,V,awaiting-behavior-review,https://github.com/files-community/Files/blob/99951c66928c4da714da8b1dd46039421182cbab/src/Files.App/Services/Settings/LayoutSettingsService.cs#L164
DateDeletedColumnWidth,double,200d,src/Files.App/Services/Settings/LayoutSettingsService.cs,99951c66928c4da714da8b1dd46039421182cbab,174,V,awaiting-behavior-review,https://github.com/files-community/Files/blob/99951c66928c4da714da8b1dd46039421182cbab/src/Files.App/Services/Settings/LayoutSettingsService.cs#L174
PathColumnWidth,double,200d,src/Files.App/Services/Settings/LayoutSettingsService.cs,99951c66928c4da714da8b1dd46039421182cbab,184,V,awaiting-behavior-review,https://github.com/files-community/Files/blob/99951c66928c4da714da8b1dd46039421182cbab/src/Files.App/Services/Settings/LayoutSettingsService.cs#L184
OriginalPathColumnWidth,double,200d,src/Files.App/Services/Settings/LayoutSettingsService.cs,99951c66928c4da714da8b1dd46039421182cbab,194,V,awaiting-behavior-review,https://github.com/files-community/Files/blob/99951c66928c4da714da8b1dd46039421182cbab/src/Files.App/Services/Settings/LayoutSettingsService.cs#L194
SyncStatusColumnWidth,double,50d,src/Files.App/Services/Settings/LayoutSettingsService.cs,99951c66928c4da714da8b1dd46039421182cbab,204,V,awaiting-behavior-review,https://github.com/files-community/Files/blob/99951c66928c4da714da8b1dd46039421182cbab/src/Files.App/Services/Settings/LayoutSettingsService.cs#L204
ShowDateColumn,bool,true,src/Files.App/Services/Settings/LayoutSettingsService.cs,99951c66928c4da714da8b1dd46039421182cbab,214,V,awaiting-behavior-review,https://github.com/files-community/Files/blob/99951c66928c4da714da8b1dd46039421182cbab/src/Files.App/Services/Settings/LayoutSettingsService.cs#L214
ShowDateCreatedColumn,bool,false,src/Files.App/Services/Settings/LayoutSettingsService.cs,99951c66928c4da714da8b1dd46039421182cbab,220,V,awaiting-behavior-review,https://github.com/files-community/Files/blob/99951c66928c4da714da8b1dd46039421182cbab/src/Files.App/Services/Settings/LayoutSettingsService.cs#L220
ShowTypeColumn,bool,true,src/Files.App/Services/Settings/LayoutSettingsService.cs,99951c66928c4da714da8b1dd46039421182cbab,226,V,awaiting-behavior-review,https://github.com/files-community/Files/blob/99951c66928c4da714da8b1dd46039421182cbab/src/Files.App/Services/Settings/LayoutSettingsService.cs#L226
ShowSizeColumn,bool,true,src/Files.App/Services/Settings/LayoutSettingsService.cs,99951c66928c4da714da8b1dd46039421182cbab,232,V,awaiting-behavior-review,https://github.com/files-community/Files/blob/99951c66928c4da714da8b1dd46039421182cbab/src/Files.App/Services/Settings/LayoutSettingsService.cs#L232
ShowGitStatusColumn,bool,false,src/Files.App/Services/Settings/LayoutSettingsService.cs,99951c66928c4da714da8b1dd46039421182cbab,238,V,awaiting-behavior-review,https://github.com/files-community/Files/blob/99951c66928c4da714da8b1dd46039421182cbab/src/Files.App/Services/Settings/LayoutSettingsService.cs#L238
ShowGitLastCommitDateColumn,bool,false,src/Files.App/Services/Settings/LayoutSettingsService.cs,99951c66928c4da714da8b1dd46039421182cbab,244,V,awaiting-behavior-review,https://github.com/files-community/Files/blob/99951c66928c4da714da8b1dd46039421182cbab/src/Files.App/Services/Settings/LayoutSettingsService.cs#L244
ShowGitLastCommitMessageColumn,bool,false,src/Files.App/Services/Settings/LayoutSettingsService.cs,99951c66928c4da714da8b1dd46039421182cbab,250,V,awaiting-behavior-review,https://github.com/files-community/Files/blob/99951c66928c4da714da8b1dd46039421182cbab/src/Files.App/Services/Settings/LayoutSettingsService.cs#L250
ShowGitCommitAuthorColumn,bool,false,src/Files.App/Services/Settings/LayoutSettingsService.cs,99951c66928c4da714da8b1dd46039421182cbab,256,V,awaiting-behavior-review,https://github.com/files-community/Files/blob/99951c66928c4da714da8b1dd46039421182cbab/src/Files.App/Services/Settings/LayoutSettingsService.cs#L256
ShowGitLastCommitShaColumn,bool,false,src/Files.App/Services/Settings/LayoutSettingsService.cs,99951c66928c4da714da8b1dd46039421182cbab,262,V,awaiting-behavior-review,https://github.com/files-community/Files/blob/99951c66928c4da714da8b1dd46039421182cbab/src/Files.App/Services/Settings/LayoutSettingsService.cs#L262
ShowFileTagColumn,bool,true,src/Files.App/Services/Settings/LayoutSettingsService.cs,99951c66928c4da714da8b1dd46039421182cbab,268,V,awaiting-behavior-review,https://github.com/files-community/Files/blob/99951c66928c4da714da8b1dd46039421182cbab/src/Files.App/Services/Settings/LayoutSettingsService.cs#L268
ShowDateDeletedColumn,bool,true,src/Files.App/Services/Settings/LayoutSettingsService.cs,99951c66928c4da714da8b1dd46039421182cbab,274,V,awaiting-behavior-review,https://github.com/files-community/Files/blob/99951c66928c4da714da8b1dd46039421182cbab/src/Files.App/Services/Settings/LayoutSettingsService.cs#L274
ShowPathColumn,bool,true,src/Files.App/Services/Settings/LayoutSettingsService.cs,99951c66928c4da714da8b1dd46039421182cbab,280,V,awaiting-behavior-review,https://github.com/files-community/Files/blob/99951c66928c4da714da8b1dd46039421182cbab/src/Files.App/Services/Settings/LayoutSettingsService.cs#L280
ShowOriginalPathColumn,bool,true,src/Files.App/Services/Settings/LayoutSettingsService.cs,99951c66928c4da714da8b1dd46039421182cbab,286,V,awaiting-behavior-review,https://github.com/files-community/Files/blob/99951c66928c4da714da8b1dd46039421182cbab/src/Files.App/Services/Settings/LayoutSettingsService.cs#L286
ShowSyncStatusColumn,bool,true,src/Files.App/Services/Settings/LayoutSettingsService.cs,99951c66928c4da714da8b1dd46039421182cbab,292,V,awaiting-behavior-review,https://github.com/files-community/Files/blob/99951c66928c4da714da8b1dd46039421182cbab/src/Files.App/Services/Settings/LayoutSettingsService.cs#L292
AutoSizeColumnsInDetailsLayout,bool,false,src/Files.App/Services/Settings/LayoutSettingsService.cs,99951c66928c4da714da8b1dd46039421182cbab,298,V,awaiting-behavior-review,https://github.com/files-community/Files/blob/99951c66928c4da714da8b1dd46039421182cbab/src/Files.App/Services/Settings/LayoutSettingsService.cs#L298
DetailsViewSize,DetailsViewSizeKind,DetailsViewSizeKind.Small,src/Files.App/Services/Settings/LayoutSettingsService.cs,99951c66928c4da714da8b1dd46039421182cbab,304,V,awaiting-behavior-review,https://github.com/files-community/Files/blob/99951c66928c4da714da8b1dd46039421182cbab/src/Files.App/Services/Settings/LayoutSettingsService.cs#L304
ListViewSize,ListViewSizeKind,ListViewSizeKind.Small,src/Files.App/Services/Settings/LayoutSettingsService.cs,99951c66928c4da714da8b1dd46039421182cbab,310,V,awaiting-behavior-review,https://github.com/files-community/Files/blob/99951c66928c4da714da8b1dd46039421182cbab/src/Files.App/Services/Settings/LayoutSettingsService.cs#L310
CardsViewSize,CardsViewSizeKind,CardsViewSizeKind.Small,src/Files.App/Services/Settings/LayoutSettingsService.cs,99951c66928c4da714da8b1dd46039421182cbab,316,V,awaiting-behavior-review,https://github.com/files-community/Files/blob/99951c66928c4da714da8b1dd46039421182cbab/src/Files.App/Services/Settings/LayoutSettingsService.cs#L316
GridViewSize,GridViewSizeKind,GridViewSizeKind.Large,src/Files.App/Services/Settings/LayoutSettingsService.cs,99951c66928c4da714da8b1dd46039421182cbab,322,V,awaiting-behavior-review,https://github.com/files-community/Files/blob/99951c66928c4da714da8b1dd46039421182cbab/src/Files.App/Services/Settings/LayoutSettingsService.cs#L322
ColumnsViewSize,ColumnsViewSizeKind,ColumnsViewSizeKind.Small,src/Files.App/Services/Settings/LayoutSettingsService.cs,99951c66928c4da714da8b1dd46039421182cbab,328,V,awaiting-behavior-review,https://github.com/files-community/Files/blob/99951c66928c4da714da8b1dd46039421182cbab/src/Files.App/Services/Settings/LayoutSettingsService.cs#L328
